<?xml version="1.0"?>
<!--<!DOCTYPE metadata SYSTEM "http://www.esri.com/metadata/esriprof80.dtd">-->
<metadata xml:lang="en"><Esri><CreaDate>20130123</CreaDate><CreaTime>07565400</CreaTime><SyncOnce>FALSE</SyncOnce><SyncDate>20100921</SyncDate><SyncTime>09033800</SyncTime><ModDate>20100921</ModDate><ModTime>09033800</ModTime><MetaID>{8378A292-84EC-4C4C-AC52-5A3F3AF98102}</MetaID></Esri><idinfo><native Sync="TRUE">Microsoft Windows XP Version 5.1 (Build 2600) Service Pack 3; ESRI ArcCatalog 9.3.1.3500</native><descript><langdata>ENGLISH</langdata><abstract>INDIVIDUAL PARCEL BOUNDARIES WITHIN THE JURISTICTION OF CURRITUCK COUNTY, NORTH CAROLINA</abstract><purpose>MAINTAIN A SPATIAL REAL PROPERTY INVENTORY FOR USE BY VARIOUS CURRITUCK COUNTY DEPARTMENTS SUCH AS THE TAX DEPARTMENT FOR ASSESSMENT OF REAL PROPERTY TAXES AND THE PLANNING DEPARTMENT TO ASSIST IN THE DECISION MAKING PROCESS FOR VARIOUS COUNTY DEVELOPMENT ISSUES.</purpose></descript><citation><citeinfo><origin>CURRITUCK COUNTY GEOGRAPHIC INFORMATION SERVICES</origin><pubdate>CONTINUALLY</pubdate><title Sync="TRUE">sde.GIS.Parcels</title><ftname Sync="TRUE">sde.GIS.Parcels</ftname><geoform Sync="TRUE">vector digital data</geoform><onlink Sync="TRUE"></onlink></citeinfo></citation><timeperd><current>UP TO DATE</current><timeinfo><sngdate><caldate>ONGOING</caldate></sngdate></timeinfo></timeperd><status><progress>In work</progress><update>Continually</update></status><spdom><bounding><westbc Sync="TRUE">-76.329989</westbc><eastbc Sync="TRUE">-75.740300</eastbc><northbc Sync="TRUE">36.560936</northbc><southbc Sync="TRUE">36.035982</southbc></bounding><lboundng><leftbc Sync="TRUE">2789205.904370</leftbc><rightbc Sync="TRUE">2957505.226639</rightbc><bottombc Sync="TRUE">847619.087090</bottombc><topbc Sync="TRUE">1033799.483295</topbc></lboundng></spdom><keywords><theme><themekt>A PIECE OF LAND</themekt><themekey>PARCELS</themekey></theme></keywords><accconst>THE PARCELS DATA SET IS PUBLIC INFORMATION HOWEVER THE PUBLIC MUST PURCHASE THE INFORMATION FROM THE GIS DEPARTMENT IF THEY WISH TO HAVE A HARD COPY.</accconst><useconst>CURRITUCK COUNTY DISCOURAGES THE RESELL OF ITS DATA BY A THIRD PARTY. THIS DATA IS PREPARED FOR REAL PROPERTY INVENTORY AND IS NOT A LEGAL DESCRIPTION.  USERS SHOULD VERIFY INFORMATION BY RECORDED DEED OR SURVEY.  THE COUNTY ASSUMES NO LIABILITY FOR THESE DESCRIPTIONS.</useconst><natvform Sync="TRUE">SDE Feature Class</natvform><ptcontac><cntinfo><cntemail>hlee@co.currituck.nc.us</cntemail><cntorgp><cntorg>CURRITUCK COUNTY GIS DEPARTMENT</cntorg><cntper>LUCY CARDWELL</cntper></cntorgp><cntvoice>252-232-2034</cntvoice><cntfax>252-232-3568</cntfax><cntemail>lcardwell@co.currituck.nc.us</cntemail><hours>MONDAY THROUGH FRIDAY 8:00 AM TO 5:00 PM EXCEPT HOLIDAYS</hours><cntaddr><address>PO BOX 9</address><addrtype>mailing address</addrtype><city>CURRITUCK</city><state>NC</state><postal>27929</postal></cntaddr><cntaddr><addrtype>physical address</addrtype><address>2801 CARATOKE HWY</address><city>CURRITUCK</city><state>NC</state><postal>27929</postal></cntaddr></cntinfo></ptcontac><datacred>CURRITUCK COUNTY GEOGRAPHIC INFORMATION SERVICES</datacred><crossref><citeinfo><origin>LUCY CARDWELL</origin><title>CURRITUCK COUNTY GEOGRAPHIC INFORMATION SERVICES</title><onlink>https://currituckeoc.com/Freeance/Client/PublicAccess1/index.html?appconfig=LandRecords</onlink></citeinfo></crossref></idinfo><dataIdInfo><envirDesc Sync="TRUE">Microsoft Windows XP Version 5.1 (Build 2600) Service Pack 3; ESRI ArcCatalog 9.3.1.3500</envirDesc><dataLang><languageCode Sync="TRUE" value="en"></languageCode></dataLang><idCitation><resTitle Sync="TRUE">sde.GIS.Parcels</resTitle><presForm><PresFormCd Sync="TRUE" value="005"></PresFormCd></presForm></idCitation><spatRpType><SpatRepTypCd Sync="TRUE" value="001"></SpatRepTypCd></spatRpType><dataExt><geoEle><GeoBndBox esriExtentType="native"><westBL Sync="TRUE">2789205.90437</westBL><eastBL Sync="TRUE">2957505.226639</eastBL><northBL Sync="TRUE">1033799.483295</northBL><southBL Sync="TRUE">847619.08709</southBL><exTypeCode Sync="TRUE">1</exTypeCode></GeoBndBox></geoEle></dataExt><geoBox esriExtentType="decdegrees"><westBL Sync="TRUE">-76.329989</westBL><eastBL Sync="TRUE">-75.7403</eastBL><northBL Sync="TRUE">36.560936</northBL><southBL Sync="TRUE">36.035982</southBL><exTypeCode Sync="TRUE">1</exTypeCode></geoBox></dataIdInfo><metainfo><langmeta Sync="TRUE">en</langmeta><metstdn Sync="TRUE">FGDC Content Standards for Digital Geospatial Metadata</metstdn><metstdv Sync="TRUE">FGDC-STD-001-1998</metstdv><mettc Sync="TRUE">local time</mettc><metc><cntinfo><cntaddr><addrtype>mailing address</addrtype><city>CURRITUCK</city><state>NC</state><postal>27929</postal><address>PO BOX 9</address></cntaddr><cntvoice>252-232-2034</cntvoice><cntperp><cntper>LUCY CARDWELL</cntper><cntorg>CURRITUCK COUNTY GEOGRAPHIC INFORMATION SERVICES</cntorg></cntperp><cntpos>GIS SPECIALIST - LAND RECORDS</cntpos><cntaddr><addrtype>physical address</addrtype><address>2801 CARATOKE HWY</address><city>CURRITUCK</city><state>NC</state><postal>27929</postal></cntaddr><cntfax>252-232-3568</cntfax><cntemail>lcardwell@co.currituck.nc.us</cntemail></cntinfo></metc><metd Sync="TRUE">20100921</metd><metrd>20080820</metrd><metfrd>20090101</metfrd><metsi><metsc>Unclassified</metsc></metsi><metextns><onlink Sync="TRUE">http://www.esri.com/metadata/esriprof80.html</onlink><metprof Sync="TRUE">ESRI Metadata Profile</metprof></metextns></metainfo><mdLang><languageCode Sync="TRUE" value="en"></languageCode></mdLang><mdStanName Sync="TRUE">ISO 19115 Geographic Information - Metadata</mdStanName><mdStanVer Sync="TRUE">DIS_ESRI1.0</mdStanVer><mdChar><CharSetCd Sync="TRUE" value="004"></CharSetCd></mdChar><mdHrLv><ScopeCd Sync="TRUE" value="005"></ScopeCd></mdHrLv><mdHrLvName Sync="TRUE">dataset</mdHrLvName><distinfo><stdorder><digform><digtopt><offoptn><offmedia>CD-ROM, PUBLIC COMPUTER TERMINALS IN CURRITUCK COUNTY TAX DEPARTMENT AND ONLINE AT THE OFFICIAL CURRITUCK COUNTY WEBSITE</offmedia></offoptn><onlinopt><accinstr>www.currituckgovernment.com</accinstr><computer><networka><networkr>NA</networkr></networka></computer></onlinopt></digtopt><digtinfo><formname>SHP</formname></digtinfo></digform><fees>$50 VECTOR SHAPEFILES, $100 MrSID IMAGES</fees><ordering>MAIL A LETTER WITH THE INFORMATION YOU WISH TO PURCHASE LISTED.  INCLUDE A CHECK MADE PAYABLE TO CURRITUCK COUNTY FOR THE PROPER AMOUNT.  </ordering><turnarnd>1 WEEK</turnarnd></stdorder><distrib><cntinfo><cntaddr><addrtype>mailing address</addrtype><address>PO BOX 9</address><city>CURRITUCK</city><state>NC</state><postal>27929</postal></cntaddr><cntperp><cntper>HARRY LEE</cntper><cntorg>CURRITUCK COUNTY GEOGRAPHIC INFORMATION SERVICES</cntorg></cntperp><cntaddr><addrtype>physical address</addrtype><address>2801 CARATOKE HWY</address><city>CURRITUCK</city><state>NC</state><postal>27929</postal><country>USA</country></cntaddr><cntvoice>252-232-2034</cntvoice><cntfax>252-232-3568</cntfax><cntemail>hlee@co.currituck.nc.us</cntemail><hours>WEEKDAYS 8:00AM TO 5:00PM</hours></cntinfo></distrib><resdesc Sync="TRUE">Downloadable Data</resdesc></distinfo><distInfo><distributor><distorTran><onLineSrc><orDesc Sync="TRUE">002</orDesc><linkage Sync="TRUE">file://</linkage><protocol Sync="TRUE">Local Area Network</protocol></onLineSrc></distorTran><distorFormat><formatName Sync="TRUE">SDE Feature Class</formatName></distorFormat></distributor></distInfo><spdoinfo><direct Sync="TRUE">Vector</direct><ptvctinf><esriterm Name="sde.GIS.Parcels"><efeatyp Sync="TRUE">Simple</efeatyp><efeageom Sync="TRUE">Polygon</efeageom><esritopo Sync="TRUE">FALSE</esritopo><efeacnt Sync="TRUE">24303</efeacnt><spindex Sync="TRUE">TRUE</spindex><linrefer Sync="TRUE">FALSE</linrefer></esriterm><sdtsterm Name="sde.GIS.Parcels"><sdtstype Sync="TRUE">G-polygon</sdtstype><ptvctcnt Sync="TRUE">24303</ptvctcnt></sdtsterm></ptvctinf></spdoinfo><spref><horizsys><cordsysn><geogcsn Sync="TRUE">GCS_North_American_1983</geogcsn><projcsn Sync="TRUE">NAD_1983_StatePlane_North_Carolina_FIPS_3200_Feet</projcsn></cordsysn><planar><planci><plance Sync="TRUE">coordinate pair</plance><plandu Sync="TRUE">survey feet</plandu><coordrep><absres Sync="TRUE">0.000256</absres><ordres Sync="TRUE">0.000256</ordres></coordrep></planci><mapproj><mapprojn Sync="TRUE">Lambert Conformal Conic</mapprojn><lambertc><stdparll Sync="TRUE">34.333333</stdparll><stdparll Sync="TRUE">36.166667</stdparll><longcm Sync="TRUE">-79.000000</longcm><latprjo Sync="TRUE">33.750000</latprjo><feast Sync="TRUE">2000000.002617</feast><fnorth Sync="TRUE">0.000000</fnorth></lambertc></mapproj></planar><geodetic><horizdn Sync="TRUE">North American Datum of 1983</horizdn><ellips Sync="TRUE">Geodetic Reference System 80</ellips><semiaxis Sync="TRUE">6378137.000000</semiaxis><denflat Sync="TRUE">298.257222</denflat></geodetic></horizsys><vertdef><altsys><altenc Sync="TRUE">Explicit elevation coordinate included with horizontal coordinates</altenc><altres Sync="TRUE">1.000000</altres><altdatum>North American Vertical Datum of 1988</altdatum><altunits>feet</altunits></altsys></vertdef></spref><refSysInfo><RefSystem><refSysID><identCode Sync="TRUE">NAD_1983_StatePlane_North_Carolina_FIPS_3200_Feet</identCode></refSysID></RefSystem></refSysInfo><spatRepInfo><VectSpatRep><topLvl><TopoLevCd Sync="TRUE" value="001"></TopoLevCd></topLvl><geometObjs Name="sde.GIS.Parcels"><geoObjTyp><GeoObjTypCd Sync="TRUE" value="001"></GeoObjTypCd></geoObjTyp><geoObjCnt Sync="TRUE">24303</geoObjCnt></geometObjs></VectSpatRep></spatRepInfo><eainfo><detailed Name="sde.GIS.Parcels"><enttyp><enttypl Sync="TRUE">sde.GIS.Parcels</enttypl><enttypt Sync="TRUE">Feature Class</enttypt><enttypc Sync="TRUE">24303</enttypc></enttyp><attr><attrlabl Sync="TRUE">OBJECTID</attrlabl><attalias Sync="TRUE">OBJECTID</attalias><attrtype Sync="TRUE">OID</attrtype><attwidth Sync="TRUE">4</attwidth><atprecis Sync="TRUE">10</atprecis><attscale Sync="TRUE">0</attscale><attrdef>Internal feature number</attrdef><attrdefs Sync="TRUE">ESRI</attrdefs><attrdomv><udom Sync="TRUE">Sequential unique whole numbers that are automatically generated.</udom></attrdomv></attr><attr><attrlabl Sync="TRUE">MSLINK</attrlabl><attalias Sync="TRUE">MSLINK</attalias><attrtype Sync="TRUE">Double</attrtype><attwidth Sync="TRUE">8</attwidth><atprecis Sync="TRUE">10</atprecis><attscale Sync="TRUE">0</attscale><attrdef>Not Used</attrdef><attrdefs>NA</attrdefs><attrdomv><udom>Sequential unique whole numbers that are automatically generated.</udom></attrdomv></attr><attr><attrlabl Sync="TRUE">PARCEL_ID</attrlabl><attalias Sync="TRUE">PARCEL_ID</attalias><attrtype Sync="TRUE">String</attrtype><attwidth Sync="TRUE">20</attwidth><atprecis Sync="TRUE">0</atprecis><attscale Sync="TRUE">0</attscale><attrdef>Tax Identification Number</attrdef><attrdefs>Currituck County Tax Department</attrdefs><attrdomv><udom>Sequential unique whole numbers that are automatically generated.</udom></attrdomv></attr><attr><attrlabl Sync="TRUE">X</attrlabl><attalias Sync="TRUE">X</attalias><attrtype Sync="TRUE">Double</attrtype><attwidth Sync="TRUE">8</attwidth><atprecis Sync="TRUE">10</atprecis><attscale Sync="TRUE">0</attscale><attrdef>Coordinate</attrdef><attrdefs>NC State Plane Coordinate System</attrdefs><attrdomv><udom>Sequential unique whole numbers that are automatically generated.</udom></attrdomv></attr><attr><attrlabl Sync="TRUE">Y</attrlabl><attalias Sync="TRUE">Y</attalias><attrtype Sync="TRUE">Double</attrtype><attwidth Sync="TRUE">8</attwidth><atprecis Sync="TRUE">10</atprecis><attscale Sync="TRUE">0</attscale><attrdef>Coordinate</attrdef><attrdefs>NC State Plane Coordinate System</attrdefs><attrdomv><udom>Sequential unique whole numbers that are automatically generated.</udom></attrdomv></attr><attr><attrlabl Sync="TRUE">ACREAGE_GI</attrlabl><attalias Sync="TRUE">ACREAGE_GI</attalias><attrtype Sync="TRUE">Single</attrtype><attwidth Sync="TRUE">4</attwidth><atprecis Sync="TRUE">6</atprecis><attscale Sync="TRUE">2</attscale><attrdef>Calculated Acreage</attrdef><attrdefs>ESRI Acreage Calculator</attrdefs><attrdomv><udom>Sequential unique whole numbers that are automatically generated.</udom></attrdomv></attr><attr><attrlabl Sync="TRUE">PIN_1</attrlabl><attalias Sync="TRUE">PIN_1</attalias><attrtype Sync="TRUE">String</attrtype><attwidth Sync="TRUE">254</attwidth><atprecis Sync="TRUE">0</atprecis><attscale Sync="TRUE">0</attscale><attrdef>Global Lot Number</attrdef><attrdefs>NC State Plane Coordinate System</attrdefs><attrdomv><udom>Sequential unique whole numbers that are automatically generated.</udom></attrdomv></attr><attr><attrlabl Sync="TRUE">LAST_4_P_1</attrlabl><attalias Sync="TRUE">LAST_4_P_1</attalias><attrtype Sync="TRUE">Double</attrtype><attwidth Sync="TRUE">8</attwidth><atprecis Sync="TRUE">10</atprecis><attscale Sync="TRUE">0</attscale><attrdef>Global Pin Lot Number</attrdef><attrdefs>NC State Plane Coordinate System</attrdefs><attrdomv><udom>Sequential unique whole numbers that are automatically generated.</udom></attrdomv></attr><attr><attrlabl Sync="TRUE">MAP</attrlabl><attalias Sync="TRUE">MAP</attalias><attrtype Sync="TRUE">String</attrtype><attwidth Sync="TRUE">4</attwidth><atprecis Sync="TRUE">0</atprecis><attscale Sync="TRUE">0</attscale><attrdef>Tax Map Number</attrdef><attrdefs>Currituck County Tax Department</attrdefs><attrdomv><udom>Sequential unique whole numbers that are automatically generated.</udom></attrdomv></attr><attr><attrlabl Sync="TRUE">BLK</attrlabl><attalias Sync="TRUE">BLK</attalias><attrtype Sync="TRUE">String</attrtype><attwidth Sync="TRUE">3</attwidth><atprecis Sync="TRUE">0</atprecis><attscale Sync="TRUE">0</attscale><attrdef>Tax Block Number</attrdef><attrdefs>Currituck County Tax Department</attrdefs><attrdomv><udom>Sequential unique whole numbers that are automatically generated.</udom></attrdomv></attr><attr><attrlabl Sync="TRUE">LOT</attrlabl><attalias Sync="TRUE">LOT</attalias><attrtype Sync="TRUE">String</attrtype><attwidth Sync="TRUE">4</attwidth><atprecis Sync="TRUE">0</atprecis><attscale Sync="TRUE">0</attscale><attrdef>Tax Lot Number</attrdef><attrdefs>Currituck County Tax Department</attrdefs><attrdomv><udom>Sequential unique whole numbers that are automatically generated.</udom></attrdomv></attr><attr><attrlabl Sync="TRUE">SEC</attrlabl><attalias Sync="TRUE">SEC</attalias><attrtype Sync="TRUE">String</attrtype><attwidth Sync="TRUE">4</attwidth><atprecis Sync="TRUE">0</atprecis><attscale Sync="TRUE">0</attscale><attrdef>Tax Section Number</attrdef><attrdefs>Currituck County Tax Department</attrdefs><attrdomv><udom>Sequential unique whole numbers that are automatically generated.</udom></attrdomv></attr><attr><attrlabl Sync="TRUE">PIN_LOT</attrlabl><attalias Sync="TRUE">PIN_LOT</attalias><attrtype Sync="TRUE">String</attrtype><attwidth Sync="TRUE">4</attwidth><atprecis Sync="TRUE">0</atprecis><attscale Sync="TRUE">0</attscale><attrdef>Global Pin Lot Number</attrdef><attrdefs>NC State Plane Coordinate System</attrdefs><attrdomv><udom>Sequential unique whole numbers that are automatically generated.</udom></attrdomv></attr><attr><attrlabl Sync="TRUE">OID_</attrlabl><attalias Sync="TRUE">OID_</attalias><attrtype Sync="TRUE">String</attrtype><attwidth Sync="TRUE">254</attwidth><atprecis Sync="TRUE">0</atprecis><attscale Sync="TRUE">0</attscale><attrdef>Object Identification Number</attrdef><attrdefs>NovaLIS (CAMA)</attrdefs><attrdomv><udom>Sequential unique whole numbers that are automatically generated.</udom></attrdomv></attr><attr><attrlabl Sync="TRUE">SHAPE</attrlabl><attalias Sync="TRUE">SHAPE</attalias><attrtype Sync="TRUE">Geometry</attrtype><attwidth Sync="TRUE">4</attwidth><atprecis Sync="TRUE">0</atprecis><attscale Sync="TRUE">0</attscale><attrdef Sync="TRUE">Feature geometry.</attrdef><attrdefs Sync="TRUE">ESRI</attrdefs><attrdomv><udom Sync="TRUE">Coordinates defining the features.</udom></attrdomv></attr><attr><attrlabl Sync="TRUE">SHAPE.area</attrlabl><attalias Sync="TRUE">SHAPE.area</attalias><attrtype Sync="TRUE">Double</attrtype><attwidth Sync="TRUE">0</attwidth><atprecis Sync="TRUE">0</atprecis><attscale Sync="TRUE">0</attscale><attrdef>feature square feet</attrdef><attrdefs>ESRI</attrdefs><attrdomv><udom>Coordinates defining the features.</udom></attrdomv></attr><attr><attrlabl Sync="TRUE">SHAPE.len</attrlabl><attalias Sync="TRUE">SHAPE.len</attalias><attrtype Sync="TRUE">Double</attrtype><attwidth Sync="TRUE">0</attwidth><atprecis Sync="TRUE">0</atprecis><attscale Sync="TRUE">0</attscale><attrdef>Circumference Length</attrdef><attrdefs>ESRI</attrdefs><attrdomv><udom>Coordinates defining the features.</udom></attrdomv></attr></detailed></eainfo><mdDateSt Sync="TRUE">20100921</mdDateSt><dataqual><lineage><procstep><proccont><cntinfo><cntemail>hlee@co.currituck.nc.us</cntemail><cntorgp><cntorg>CURRITUCK COUNTY GIS</cntorg></cntorgp><cntvoice>252-232-2034</cntvoice><cntfax>252-232-3568</cntfax><cntemail>lcardwell@co.currituck.nc.us</cntemail></cntinfo></proccont></procstep><procstep><procdesc Sync="TRUE">Dataset copied.</procdesc><srcused Sync="TRUE">Server=cits-arcgis; Service=5151; Database=sde; User=gis; Version=sde.DEFAULT</srcused><procdate Sync="TRUE">20130123</procdate><proctime Sync="TRUE">07565400</proctime></procstep></lineage><complete>Data is updated within 2 weeks of the recording of new plats in the Currituck County Register of Deeds </complete></dataqual></metadata>
