<?xml version="1.0" encoding="ISO-8859-1"?>
<metadata>
	<idinfo>
		<citation>
			<citeinfo>
				<origin>N.C. Division of Coastal Management</origin>
				<pubdate>UNKNOWN</pubdate>
				<title Sync="TRUE">SHORELINE_ESTUARINE_STRUCT_L</title>
				<geoform Sync="TRUE">vector digital data</geoform>
				<onlink></onlink>
				<ftname Sync="TRUE">SHORELINE_ESTUARINE_STRUCT_L</ftname></citeinfo>
		</citation>
		<descript>
			<abstract>This file represents structure polyline features associated with the estuarine shoreline in North Carolina.  Structure polyline features are based on 2006-2010 county level digital orthophotos from 6 inch and 2 foot resolution.  Structure polyline features were generated from the imagery through heads up digitizing, and was digitized at a scale between 1:300 and 1:500 feet.  Structure type is based on the presence of commercial, recreational and erosion control structures and attributed using guidance provided in a N.C. Division of Coastal Management generated methodology entitled "Charting the Estuarine Environment: A methodology spatially delineating a contiguous, estuarine shoreline of North Carolina."</abstract>
			<purpose>
The North Carolina Division of Coastal Management (DCM) has specific needs to establish a detailed estuarine shoreline (including the identification of shoreline related structures) for non-regulatory purposes that can serve as a basis for examining DCM's existing policy language within its estuarine and ocean system areas of environmental concern (AEC).  This shapefile represents shoreline associated polyline structures (i.e. groins, bulkheads, sills, etc.) for that may be located along the land/water, vegetation/water or structure/water interfaces.
This dataset was created to assist governmental agencies and others in making resource management decisions through the use of a Geographic Information System (GIS).
</purpose>
			<langdata Sync="TRUE">en</langdata></descript>
		<timeperd>
			<timeinfo>
				<mdattim>
					<sngdate>
						<caldate>2006</caldate>
						<time>unknown</time>
					</sngdate>
					<sngdate>
						<caldate>2010</caldate>
						<time>unknown</time>
					</sngdate>
				</mdattim>
				<sngdate><caldate>REQUIRED: The year (and optionally month, or month and day) for which the data set corresponds to the ground.</caldate></sngdate></timeinfo>
			<current>ground condition</current>
		</timeperd>
		<status>
			<progress>Complete</progress>
			<update>None planned</update>
		</status>
		<spdom>
			<bounding>
				<westbc Sync="TRUE">-78.573371</westbc>
				<eastbc Sync="TRUE">-75.425053</eastbc>
				<northbc Sync="TRUE">36.588110</northbc>
				<southbc Sync="TRUE">33.795922</southbc>
			</bounding>
			<lboundng><leftbc Sync="TRUE">2129566.415823</leftbc><rightbc Sync="TRUE">3050200.593252</rightbc><bottombc Sync="TRUE">35000.813723</bottombc><topbc Sync="TRUE">1033300.218039</topbc></lboundng></spdom>
		<keywords>
			<theme>
				<themekt>None</themekt>
				<themekey>coastal</themekey>
				<themekey>estuarine</themekey>
				<themekey>sound</themekey>
				<themekey>shoreline</themekey>
				<themekey>apparent shoreline</themekey>
				<themekey>shoreline type</themekey>
			</theme>
			<theme>
				<themekt>ISO 19115 Topic Category</themekt>
				<themekey>Oceans</themekey>
				<themekey>013</themekey>
			</theme>
			<place>
				<placekt>None</placekt>
				<placekey></placekey>
			</place>
			<placekt>
Place_Keyword  Coastal counties
Place_Keyword  North Carolina
Place_Keyword  USA
Place_Keyword  North America
</placekt>
		</keywords>
		<accconst>None</accconst>
		<useconst>
These data represent the location of polyline structures located along the estuarine shoreline in North Carolina based off of geo-rectified 2006-2010 aerial orthophotos.  Therefore structures may or may not be current in their position and serves as a baseline for previously permitted structures.
The N.C. Division of Coastal Management shall not be held liable for any errors in these data. This includes errors of omission, commission, errors concerning the content of the data, and relative and positional accuracy of the data. These data cannot be construed to be a legal document. Primary sources from which these data were compiled must be consulted for verification of information contained in the data.
</useconst>
		<ptcontac>
			<cntinfo>
				<cntorgp>
					<cntorg>N.C. Division of Coastal Management</cntorg>
				</cntorgp>
			</cntinfo>
		</ptcontac>
		<native Sync="TRUE">Microsoft Windows XP Version 5.1 (Build 2600) Service Pack 3; ESRI ArcCatalog 9.3.1.4000</native><natvform Sync="TRUE">Shapefile</natvform></idinfo>
	<dataqual>
		<logic>GIS analysts check for consistency during the editing processes.</logic>
		<complete>Polyline structures are complete within North Carolina.</complete>
		<posacc>
			<horizpa>
				<horizpar>The boundaries were extracted from imagery or digitized based on the imagery consistent with standard GIS practices.  Control is also provided by referencing quality standard orthophoto base maps during the mapping process.</horizpar>
			</horizpa>
		</posacc>
		<lineage>
			<srcinfo>
				<srccite>
					<citeinfo>
						<origin>Varies per county</origin>
						<pubdate>Varies per county</pubdate>
						<pubtime>Unknown</pubtime>
						<title>Tyrrell Varies per county</title>
						<geoform>Remote-sensing image</geoform>
						<pubinfo>
							<pubplace>Wilmington, NC 28405</pubplace>
							<publish>Atlas Photogrammetric Data, PC</publish>
						</pubinfo>
						<othercit>none</othercit>
					</citeinfo>
				</srccite>
				<srcscale>4800</srcscale>
				<typesrc>Digital tape media</typesrc>
				<srctime>
					<timeinfo>
						<rngdates>
							<begdate>2006</begdate>
							<enddate>2010</enddate>
						</rngdates>
					</timeinfo>
					<srccurr>ground condition</srccurr>
				</srctime>
				<srccitea>Varies per county</srccitea>
				<srccontr>Base imagery used as a reference base for estuarine shoreline associated structures in North Carolina.</srccontr>
			</srcinfo>
			<procstep><procdesc Sync="TRUE">Metadata imported.</procdesc><srcused Sync="TRUE">C:\DOCUME~1\ken\LOCALS~1\Temp\xml54.tmp</srcused><procdate Sync="TRUE">20120620</procdate><proctime Sync="TRUE">09164300</proctime></procstep><procstep><procdesc Sync="TRUE">Dataset copied.</procdesc><srcused Sync="TRUE"></srcused><procdate Sync="TRUE">20120622</procdate><proctime Sync="TRUE">11220800</proctime></procstep><procstep><procdesc Sync="TRUE">Dataset copied.</procdesc><srcused Sync="TRUE"></srcused><procdate Sync="TRUE">20120716</procdate><proctime Sync="TRUE">07213500</proctime></procstep></lineage>
	</dataqual>
	<spdoinfo>
		<direct Sync="TRUE">Vector</direct>
		<ptvctinf>
			<sdtsterm Name="SHORELINE_ESTUARINE_STRUCT_L">
				<sdtstype Sync="TRUE">String</sdtstype>
				<ptvctcnt Sync="TRUE">16233</ptvctcnt>
			</sdtsterm>
			<esriterm Name="SHORELINE_ESTUARINE_STRUCT_L"><efeatyp Sync="TRUE">Simple</efeatyp><efeageom Sync="TRUE">Polyline</efeageom><esritopo Sync="TRUE">FALSE</esritopo><efeacnt Sync="TRUE">16233</efeacnt><spindex Sync="TRUE">TRUE</spindex><linrefer Sync="TRUE">FALSE</linrefer></esriterm></ptvctinf>
	</spdoinfo>
	<spref>
		<horizsys>
			<planar>
				<planci>
					<plance Sync="TRUE">coordinate pair</plance>
					<coordrep>
						<absres Sync="TRUE">0.000000</absres>
						<ordres Sync="TRUE">0.000000</ordres>
					</coordrep>
					<plandu Sync="TRUE">survey feet</plandu>
				</planci>
				<mapproj><mapprojn Sync="TRUE">Lambert Conformal Conic</mapprojn><lambertc><stdparll Sync="TRUE">34.333333</stdparll><stdparll Sync="TRUE">36.166667</stdparll><longcm Sync="TRUE">-79.000000</longcm><latprjo Sync="TRUE">33.750000</latprjo><feast Sync="TRUE">2000000.002617</feast><fnorth Sync="TRUE">0.000000</fnorth></lambertc></mapproj></planar>
			<geodetic>
				<horizdn Sync="TRUE">North American Datum of 1983</horizdn>
				<ellips Sync="TRUE">Geodetic Reference System 80</ellips>
				<semiaxis Sync="TRUE">6378137.000000</semiaxis>
				<denflat Sync="TRUE">298.257222</denflat>
			</geodetic>
			<cordsysn><geogcsn Sync="TRUE">GCS_North_American_1983</geogcsn><projcsn Sync="TRUE">NAD_1983_StatePlane_North_Carolina_FIPS_3200_Feet</projcsn></cordsysn></horizsys>
	</spref>
	<eainfo>
		<detailed Name="SHORELINE_ESTUARINE_STRUCT_L">
			<enttyp>
				<enttypl Sync="TRUE">SHORELINE_ESTUARINE_STRUCT_L</enttypl>
				<enttypd>Recreational and commercial structure polyline features along N.C.</enttypd>
				<enttypds>N.C. Division of Coastal Management</enttypds>
				<enttypt Sync="TRUE">Feature Class</enttypt><enttypc Sync="TRUE">16233</enttypc></enttyp>
			<attr>
				<attrlabl>FID</attrlabl>
				<attrdef>Internal feature number.</attrdef>
				<attrdefs>ESRI</attrdefs>
				<attrdomv>
					<udom>Sequential unique whole numbers that are automatically generated.</udom>
				</attrdomv>
				<attalias Sync="TRUE">FID</attalias><attrtype Sync="TRUE">OID</attrtype><attwidth Sync="TRUE">4</attwidth><atprecis Sync="TRUE">0</atprecis><attscale Sync="TRUE">0</attscale></attr>
			<attr>
				<attrlabl>SHAPE</attrlabl>
				<attrdef>Feature geometry.</attrdef>
				<attrdefs>ESRI</attrdefs>
				<attrdomv>
					<udom>Coordinates defining the features.</udom>
				</attrdomv>
				<attalias Sync="TRUE">Shape</attalias><attrtype Sync="TRUE">Geometry</attrtype><attwidth Sync="TRUE">0</attwidth><atprecis Sync="TRUE">0</atprecis><attscale Sync="TRUE">0</attscale></attr>
			<attr>
				<attrlabl>UID</attrlabl>
				<attrdef>Unique identifier of individual shoreline segments.</attrdef>
				<attrdefs>N.C. Division of Coastal Management</attrdefs>
				<attrdomv>
					<udom>Autonumbers by county.</udom>
				</attrdomv>
				<attalias Sync="TRUE">UID</attalias><attrtype Sync="TRUE">Number</attrtype><attwidth Sync="TRUE">4</attwidth></attr>
			<attr><attrlabl Sync="TRUE">METHOD</attrlabl><attalias Sync="TRUE">METHOD</attalias><attrtype Sync="TRUE">String</attrtype><attwidth Sync="TRUE">50</attwidth></attr><attr><attrlabl Sync="TRUE">COUNTY</attrlabl><attalias Sync="TRUE">COUNTY</attalias><attrtype Sync="TRUE">String</attrtype><attwidth Sync="TRUE">50</attwidth></attr><attr><attrlabl Sync="TRUE">IMAGE_SOUR</attrlabl><attalias Sync="TRUE">IMAGE_SOUR</attalias><attrtype Sync="TRUE">String</attrtype><attwidth Sync="TRUE">50</attwidth></attr><attr><attrlabl Sync="TRUE">IMAGE_DATE</attrlabl><attalias Sync="TRUE">IMAGE_DATE</attalias><attrtype Sync="TRUE">String</attrtype><attwidth Sync="TRUE">50</attwidth></attr><attr><attrlabl Sync="TRUE">PROJECTION</attrlabl><attalias Sync="TRUE">PROJECTION</attalias><attrtype Sync="TRUE">String</attrtype><attwidth Sync="TRUE">50</attwidth></attr><attr><attrlabl Sync="TRUE">RESOLUTION</attrlabl><attalias Sync="TRUE">RESOLUTION</attalias><attrtype Sync="TRUE">String</attrtype><attwidth Sync="TRUE">50</attwidth></attr><attr><attrlabl Sync="TRUE">HORIZ_ACC</attrlabl><attalias Sync="TRUE">HORIZ_ACC</attalias><attrtype Sync="TRUE">String</attrtype><attwidth Sync="TRUE">50</attwidth></attr><attr><attrlabl Sync="TRUE">FIELD_CHEC</attrlabl><attalias Sync="TRUE">FIELD_CHEC</attalias><attrtype Sync="TRUE">Number</attrtype><attwidth Sync="TRUE">4</attwidth></attr><attr><attrlabl Sync="TRUE">FC_COMMENT</attrlabl><attalias Sync="TRUE">FC_COMMENT</attalias><attrtype Sync="TRUE">String</attrtype><attwidth Sync="TRUE">50</attwidth></attr><attr><attrlabl Sync="TRUE">FC_DATE</attrlabl><attalias Sync="TRUE">FC_DATE</attalias><attrtype Sync="TRUE">Date</attrtype><attwidth Sync="TRUE">8</attwidth></attr><attr><attrlabl Sync="TRUE">FC_BY</attrlabl><attalias Sync="TRUE">FC_BY</attalias><attrtype Sync="TRUE">String</attrtype><attwidth Sync="TRUE">50</attwidth></attr><attr><attrlabl Sync="TRUE">F_DATE</attrlabl><attalias Sync="TRUE">F_DATE</attalias><attrtype Sync="TRUE">Date</attrtype><attwidth Sync="TRUE">8</attwidth></attr><attr><attrlabl Sync="TRUE">F_CODE</attrlabl><attalias Sync="TRUE">F_CODE</attalias><attrtype Sync="TRUE">Number</attrtype><attwidth Sync="TRUE">9</attwidth></attr><attr><attrlabl Sync="TRUE">DIGITIZER</attrlabl><attalias Sync="TRUE">DIGITIZER</attalias><attrtype Sync="TRUE">String</attrtype><attwidth Sync="TRUE">50</attwidth></attr><attr><attrlabl Sync="TRUE">ATTRIBUTER</attrlabl><attalias Sync="TRUE">ATTRIBUTER</attalias><attrtype Sync="TRUE">String</attrtype><attwidth Sync="TRUE">50</attwidth></attr><attr><attrlabl Sync="TRUE">SHAPE_Leng</attrlabl><attalias Sync="TRUE">SHAPE_Leng</attalias><attrtype Sync="TRUE">Float</attrtype><attwidth Sync="TRUE">19</attwidth><atnumdec Sync="TRUE">11</atnumdec></attr><attr>
				<attrlabl>STRUC_TYPE</attrlabl>
				<attrdef>DCM Structure Type (by DCM numeric value).</attrdef>
				<attrdefs>N.C. Division of Coastal Management</attrdefs>
				<attrdomv>
					<edom>
						<edomv>11</edomv>
						<edomvd>Boat Ramp</edomvd>
						<edomvds>N.C. Division of Coastal Management</edomvds>
					</edom>
				</attrdomv>
				<attrdomv>
					<edom>
						<edomv>21</edomv>
						<edomvd>Breakwater</edomvd>
						<edomvds>N.C. Division of Coastal Management</edomvds>
					</edom>
				</attrdomv>
				<attrdomv>
					<edom>
						<edomv>41</edomv>
						<edomvd>Groin/Jetty</edomvd>
						<edomvds>N.C. Division of Coastal Management</edomvds>
					</edom>
				</attrdomv>
				<attalias Sync="TRUE">STRUC_TYPE</attalias><attrtype Sync="TRUE">Number</attrtype><attwidth Sync="TRUE">4</attwidth></attr>
			<attr><attrlabl Sync="TRUE">FIELD_CH_1</attrlabl><attalias Sync="TRUE">FIELD_CH_1</attalias><attrtype Sync="TRUE">String</attrtype><attwidth Sync="TRUE">14</attwidth></attr><attr><attrlabl Sync="TRUE">ATTRIBUTIN</attrlabl><attalias Sync="TRUE">ATTRIBUTIN</attalias><attrtype Sync="TRUE">String</attrtype><attwidth Sync="TRUE">50</attwidth></attr><attr><attrlabl Sync="TRUE">TILE</attrlabl><attalias Sync="TRUE">TILE</attalias><attrtype Sync="TRUE">String</attrtype><attwidth Sync="TRUE">50</attwidth></attr><attr><attrlabl Sync="TRUE">OBJECTID</attrlabl><attalias Sync="TRUE">OBJECTID</attalias><attrtype Sync="TRUE">Number</attrtype><attwidth Sync="TRUE">9</attwidth></attr><attr><attrlabl Sync="TRUE">RESOUTION</attrlabl><attalias Sync="TRUE">RESOUTION</attalias><attrtype Sync="TRUE">String</attrtype><attwidth Sync="TRUE">50</attwidth></attr><attr><attrlabl Sync="TRUE">ATTRIBUTE</attrlabl><attalias Sync="TRUE">ATTRIBUTE</attalias><attrtype Sync="TRUE">String</attrtype><attwidth Sync="TRUE">50</attwidth></attr><attr><attrlabl Sync="TRUE">Shape_Le_1</attrlabl><attalias Sync="TRUE">Shape_Le_1</attalias><attrtype Sync="TRUE">Float</attrtype><attwidth Sync="TRUE">19</attwidth><atnumdec Sync="TRUE">11</atnumdec></attr><attr><attrlabl Sync="TRUE">FIELD_CH_2</attrlabl><attalias Sync="TRUE">FIELD_CH_2</attalias><attrtype Sync="TRUE">Date</attrtype><attwidth Sync="TRUE">8</attwidth></attr><attr><attrlabl Sync="TRUE">HORZ_ACC</attrlabl><attalias Sync="TRUE">HORZ_ACC</attalias><attrtype Sync="TRUE">String</attrtype><attwidth Sync="TRUE">50</attwidth></attr><attr><attrlabl Sync="TRUE">STRUCT_TYP</attrlabl><attalias Sync="TRUE">STRUCT_TYP</attalias><attrtype Sync="TRUE">Float</attrtype><attwidth Sync="TRUE">19</attwidth><atnumdec Sync="TRUE">11</atnumdec></attr><attr><attrlabl Sync="TRUE">LENGTH</attrlabl><attalias Sync="TRUE">LENGTH</attalias><attrtype Sync="TRUE">Number</attrtype><attwidth Sync="TRUE">9</attwidth></attr><attr><attrlabl Sync="TRUE">DATE_FIELD</attrlabl><attalias Sync="TRUE">DATE_FIELD</attalias><attrtype Sync="TRUE">Date</attrtype><attwidth Sync="TRUE">8</attwidth></attr><attr><attrlabl Sync="TRUE">LABEL</attrlabl><attalias Sync="TRUE">LABEL</attalias><attrtype Sync="TRUE">String</attrtype><attwidth Sync="TRUE">50</attwidth></attr><attr><attrlabl Sync="TRUE">STRUC_NAM</attrlabl><attalias Sync="TRUE">STRUC_NAM</attalias><attrtype Sync="TRUE">String</attrtype><attwidth Sync="TRUE">75</attwidth></attr></detailed>
	</eainfo>
	<distinfo>
		<distrib>
			<cntinfo>
				<cntorgp>
					<cntorg>N.C. Division of Coastal Management</cntorg>
				</cntorgp>
				<cntaddr>
					<addrtype>mailing and physical address</addrtype>
					<address>400 Commerce Avenue</address>
					<city>Morehead City</city>
					<state>N.C.</state>
					<postal>28557</postal>
					<country>USA</country>
				</cntaddr>
				<cntvoice>252-808-2808</cntvoice>
			</cntinfo>
		</distrib>
		<resdesc>Downloadable Data</resdesc>
		<distliab>The North Carolina Estuarine Shoreline Mapping Project is a multiyear initiative designed to increase awareness of existing shoreline types and the prevalence of hardened structures along the North Carolina estuarine coastline.  This effort will not result in the production of a complete hydrographic dataset for the coastal/estuarine environment.  The final data set generated through the ESMP will not be used as a regulatory line and therefore may not be applicable to litigation entered into by the state or agencies within DENR.  While efforts have been made to ensure that these data are accurate and reliable, DCM cannot assume liability for any damages, or misrepresentations, caused by any inaccuracies in the data, or as a result of the data to be used on a particular system.  DCM makes no warranty, expressed or implied, nor does the fact of distribution constitute such a warranty.  These data represented in an estuarine shoreline are believed to be logically consistent, though no    tests were performed.  All arcs will be snapped by the nodes to create consistently tied strings without node dangles and to ensure line geometry is topologically clean.  While this shoreline dataset is dependent on aerial imagery taken for the 20 coastal counties prior to 2010, DCM understands that the position of the shoreline might change as the natural land changes or as better maps and more recent imagery become available.</distliab>
		<stdorder>
			<digform>
				<digtinfo>
					<transize>7.613</transize>
					<dssize Sync="TRUE">4.399</dssize></digtinfo>
			</digform>
		</stdorder>
	</distinfo>
	<metainfo>
		<metd Sync="TRUE">20120620</metd>
		<metc>
			<cntinfo>
				<cntperp>
					<cntper>Kevin McVerry</cntper>
					<cntorg>N.C. Division of Coastal Management</cntorg>
				</cntperp>
				<cntpos>GIS Analyst</cntpos>
				<cntaddr>
					<addrtype>mailing address</addrtype>
					<address>400 Commerce Ave.</address>
					<city>Morehead City</city>
					<state>N.C.</state>
					<postal>28557</postal>
					<country>USA</country>
				</cntaddr>
				<cntvoice>252-808-2808 ext. 233</cntvoice>
				<hours>8:00am to 5:00pm</hours>
				<cntorgp><cntper>REQUIRED: The person responsible for the metadata information.</cntper><cntorg>REQUIRED: The organization responsible for the metadata information.</cntorg></cntorgp></cntinfo>
		</metc>
		<metstdn Sync="TRUE">FGDC Content Standards for Digital Geospatial Metadata</metstdn>
		<metstdv Sync="TRUE">FGDC-STD-001-1998</metstdv>
		<mettc Sync="TRUE">local time</mettc>
		<metac>None</metac>
		<metextns>
			<onlink>http://www.esri.com/metadata/esriprof80.html</onlink>
			<metprof>ESRI Metadata Profile</metprof>
		</metextns>
		<langmeta Sync="TRUE">en</langmeta><metextns><onlink Sync="TRUE">http://www.esri.com/metadata/esriprof80.html</onlink><metprof Sync="TRUE">ESRI Metadata Profile</metprof></metextns></metainfo>
	<cntper>
Contact_Position  GIS Analyst
Contact_Address Address_Type
Contact_Voice_Telephone  252-808-2808 ext. 233
Contact_Facsimile_Telephone  252-247-3330
Hours_of_Service  8:00am to 5:00pm
</cntper>
	<datacred>N.C. Division of Coastal Management with technical assistance by East Carolina University</datacred>
	<native>Microsoft Windows XP Version 5.1 (Build 2600) Service Pack 3; ESRI ArcCatalog 9.3.1.3500</native>
	<procdesc>
Process_Date  20100428
Process_Contact Contact_Information
</procdesc>
	<procstep>
		<procdesc>Structure polyline and assigned structure types based on relationship described by N.C. Division of Coastal Management.  Edited tables to assign structure types to line feature based on visual observation of the structures and methodology provided by N.C. Division of Coastal Management.</procdesc>
		<procdate>20100428</procdate>
		<proccont>
			<cntinfo>
				<cntorgp>
					<cntorg>East Carolina University</cntorg>
					<cntper>Dr. J.P. Walsh or Dr. Reide Corbett</cntper>
				</cntorgp>
				<cntpos>Project Manager</cntpos>
				<cntaddr>
					<addrtype>mailing address</addrtype>
					<address>East Carolina University, Department of Geological Sciences and the Institute for Coastal Science and Policy, 301B Graham Building</address>
					<city>Greenville</city>
					<state>N.C.</state>
					<postal>27858</postal>
					<country>USA</country>
				</cntaddr>
				<cntvoice>(252) 328-5431</cntvoice>
				<cntemail>walshj@ecu.edu or corbettd@ecu.edu</cntemail>
				<hours>8:30 - 5:00  EST</hours>
			</cntinfo>
		</proccont>
	</procstep>
	<procstep>
		<procdesc>East Carolina used the following catagories for structure type associated with linear structures.  Boat Ramp: STRUC_TYPE = 11; Breakwater: STRUC_TYPE = 21; Groin/Jetty: STRUC_TYPE = 41; Sill: STRUC_TYPE = 61; Sloped Strucure: STRUC_TYPE = 71; Unknown: STRUC_TYPE = 81; Vertical Structure: STRUC_TYPE = 91.</procdesc>
		<procdate>20100428</procdate>
		<proccont>
			<cntinfo>
				<cntorgp>
					<cntorg>East Carolina University</cntorg>
					<cntper>Dr. J.P. Walsh or Dr. Reide Corbett</cntper>
				</cntorgp>
				<cntpos>Project Manager</cntpos>
				<cntaddr>
					<addrtype>mailing address</addrtype>
					<address>East Carolina University, Department of Geological Sciences and the Institute for Coastal Science and Policy, 301B Graham Building</address>
					<city>Greenville</city>
					<state>N.C.</state>
					<postal>27858</postal>
					<country>USA</country>
				</cntaddr>
				<cntvoice>(252) 328-5431</cntvoice>
				<cntemail>walshj@ecu.edu or corbettd@ecu.edu</cntemail>
				<hours>8:30 - 5:00  EST</hours>
			</cntinfo>
		</proccont>
	</procstep>
	<procstep>
		<procdesc>Polyline structures were QA/QC and edited by N.C. Division of Coastal Management.  Upon completion of this step shapefiles were uploaded onto a N.C. Division of Coastal Management supported website for distribution.</procdesc>
		<procdate>2010</procdate>
		<proccont>
			<cntinfo>
				<cntorgp>
					<cntorg>N.C. Division of Coastal Management</cntorg>
					<cntper>Kevin McVerry</cntper>
				</cntorgp>
				<cntpos>GIS Analyst</cntpos>
				<cntaddr>
					<addrtype>mailing address</addrtype>
					<address>400 Commerce Ave.</address>
					<city>Morehead City</city>
					<state>N.C.</state>
					<postal>28557</postal>
					<country>USA</country>
				</cntaddr>
				<cntvoice>252-800-2808 ext. 233</cntvoice>
				<cntemail>kevin.mcverry@ncdenr.gov</cntemail>
				<hours>8:00 - 5:00  EST</hours>
			</cntinfo>
		</proccont>
	</procstep>
	<edom>
		<edomv>61</edomv>
		<edomvd>Sill</edomvd>
		<edomvds>N.C. Division of Coastal Management</edomvds>
	</edom>
	<edom>
		<edomv>71</edomv>
		<edomvd>Sloped Structure</edomvd>
		<edomvds>N.C. Division of Coastal Management</edomvds>
	</edom>
	<edom>
		<edomv>81</edomv>
		<edomvd>Unknown</edomvd>
		<edomvds>N.C. Division of Coastal Management</edomvds>
	</edom>
	<edom>
		<edomv>91</edomv>
		<edomvd>Vertical Structure</edomvd>
		<edomvds>N.C. Division of Coastal Management</edomvds>
	</edom>
	<attr>
		<attrlabl>FIELD_CHEC</attrlabl>
		<attrdef>Designates if STRUC_TYPE has been field checked (by DCM numeric value).</attrdef>
		<attrdefs>N.C. Division of Coastal Management</attrdefs>
		<attrdomv>
			<edom>
				<edomv>0</edomv>
				<edomvd>SHORE_TYPE has not been field checked</edomvd>
				<edomvds>N.C. Division of Coastal Management</edomvds>
			</edom>
			<edom>
				<edomv>1</edomv>
				<edomvd>SHORE_TYPE needs to be field checked</edomvd>
				<edomvds>N.C. Division on Coastal Management</edomvds>
			</edom>
			<edom>
				<edomv>2</edomv>
				<edomvd>SHORE_TYPE has been field checked</edomvd>
				<edomvds>N.C. Division of Coastal Management</edomvds>
			</edom>
		</attrdomv>
	</attr>
	<attr>
		<attrlabl>TILE</attrlabl>
		<attrdef>Corresponding sid or tif tile number where shoreline segment is located.</attrdef>
		<attrdefs>Software computed</attrdefs>
	</attr>
	<attr>
		<attrlabl>F_DATE</attrlabl>
		<attrdef>Date structure polyline feature was generated</attrdef>
		<attrdefs>N.C. Division of Coastal Management</attrdefs>
		<attrdomv>
			<udom>Dates may vary</udom>
		</attrdomv>
	</attr>
	<attr>
		<attrlabl>F_CODE</attrlabl>
		<attrdef>Feature Code consistent with USGS, National Hydro Database</attrdef>
		<attrdefs>N.C. Center for Geographic Information and Analysis</attrdefs>
	</attr>
	<edom>
		<edomv>56600</edomv>
		<edomvd>Shoreline</edomvd>
		<edomvds>US Geological Survey</edomvds>
	</edom>
	<attr>
		<attrlabl>RESOLUTION</attrlabl>
		<attrdef>Resolution as defined by</attrdef>
		<attrdefs>Software computed</attrdefs>
	</attr>
	<attr>
		<attrlabl>HORZ_ACC</attrlabl>
		<attrdef>Horizontal accuracy of imagery datasets</attrdef>
		<attrdefs>Software computed</attrdefs>
	</attr>
	<attr>
		<attrlabl>COUNTY</attrlabl>
		<attrdef>Name of County in North Carolina</attrdef>
		<attrdefs>N.C. Division of Coastal Management</attrdefs>
		<attrdomv>
			<codesetd>
				<codesetn>20 coastal counties of North Carolina</codesetn>
				<codesets>N.C. Division of Coastal Management</codesets>
			</codesetd>
		</attrdomv>
	</attr>
	<attr>
		<attrlabl>IMAGE_SOUR</attrlabl>
		<attrdef>Source of imagery used for feature development, i.e. Beaufort County Orthophoto</attrdef>
		<attrdefs>N.C. Division of Coastal Management</attrdefs>
	</attr>
	<attr>
		<attrlabl>IMAGE_DATE</attrlabl>
		<attrdef>Date or approximate date the source image was captured (if known)</attrdef>
		<attrdefs>N.C. Division of Coastal Management</attrdefs>
		<attrdomv>
			<udom>Dates may vary</udom>
		</attrdomv>
	</attr>
	<attr>
		<attrlabl>PROJECTION</attrlabl>
		<attrdef>Original imagery projection</attrdef>
		<attrdefs>Software computed</attrdefs>
	</attr>
	<attr>
		<attrlabl>DIGITIZER</attrlabl>
		<attrdef>Name of technician who digitized the structure polyline feature</attrdef>
		<attrdefs>N.C. Division of Coastal Management</attrdefs>
	</attr>
	<attr>
		<attrlabl>ATTRIBUTIN</attrlabl>
		<attrdef>Name of technician who attributed the structure polyline feature</attrdef>
		<attrdefs>N.C. Division of Coastal Management</attrdefs>
	</attr>
	<attr>
		<attrlabl>SHAPE_LEN</attrlabl>
		<attrdef>Length of structure polyline feature in feet (calculated in ArcMap)</attrdef>
		<attrdefs>Software computed</attrdefs>
		<attrdomv>
			<udom>Lenght varries by structure polyline feature</udom>
		</attrdomv>
	</attr>
	<attr>
		<attrlabl>METHOD</attrlabl>
		<attrdef>Method used in generating feature</attrdef>
		<attrdefs>N.C. Division of Coastal Management</attrdefs>
	</attr>
	<attr>
		<attrlabl>FC_COMMENT</attrlabl>
		<attrdef>Comments on field check activities</attrdef>
		<attrdefs>N.C. Division of Coastal Management</attrdefs>
	</attr>
	<attr>
		<attrlabl>FC_DATE</attrlabl>
		<attrdef>Date shoreline segment was field checked</attrdef>
		<attrdefs>N.C. Division of Coastal Management</attrdefs>
	</attr>
	<attr>
		<attrlabl>FC_BY</attrlabl>
		<attrdef>Name of individual who performs field check on the shoreline segment</attrdef>
		<attrdefs>N.C. Division of Coastal Management</attrdefs>
	</attr>
	<overview>
		<eaover>
Shoreline types captured by DCM's Estuarine Shoreline Mapping Project  are broken down into the following categories.  A brief explanation of each shoreline type follows its name.  Explanations for the various shoreline types are taken from a DCM report by Geis and Bendell entitled, "Charting the Estuarine Environment: A mehthodology spatially deleneating a contiguous, estuarine shoreline of North Carolina."

Boat Ramp Vertical Structure
</eaover>
	</overview>
Boast ramps are concrete, brick, or asphalt structures sloping from high ground to below low water to allow vessels to be placed into the water.  Instead of being represented by a polygon feature, these structures are digitized as a straight line at the structure/water interface.

Breakwater (STRUC_TYPE 21)
A brekwater is a near shore or offshore, shore parallel, structure designed to reduce wave energy and trap sand. Breakwaters can be constructed from stone, riprap, concrete, or steel.  Sediment can build up in the lee of the structure to the point that it is all high ground (above normal high water/normal water level).

Groin/Jetty (STRUC_TYPE 41)
Groins and jettys are similar in appearance and are therefore represented in the same structure type category.  A groin is a shore-perpendicular, typically straight, timber, rock, concrete, vinyl, or steel structure designed to trap sand on the updrift side.  Groins can be constructed as either a single structure or in a series.  A groin series will typically create a saw-toothed shaped shoreline.  A jetty is a shore-perpendicular timber, rock, concrete, vinyl, or steel structure designed to direct a current, stabilize an inlet (small or large), prevent sediment from accumulating in a channel, or for accommodating vessels through an inlet.  Jetties are longer than groins and are always associated with an inlet, canal, or basin entrance.

Sill (STRUC_TYPE 61)
Sills are shore-parallel, nearshore, submerged structures built to reduce wave action on the adjacent shoreline.  Sills can be constructed from timber or stone with the purpose of protecting or re-establishing marsh vegetation.  Well established sills will look identical to a sloped structure (riprap revetment for marsh protection).

Sloped Structure (STRUC_TYPE 71)
Any shore-parallel, watertight or porous structure designed to stabilize the shoreline and absorb wave energy with a sloped face.  Riprap revetments or marsh enhancement riprap revetments are constructed from stone either along an existing sediment bank or waterward of an eroding wetland substrate.

Unknown (STRUC_TYPE 81)
unknown structures represent any polyline structure unidentifiable from aerial photography, or that does not have an alternative STRUC_TYPE category (e.g. duck blinds).

Vertical Structure (STRUC_TYPE 91)
Any shore-parallel, watertight structure (bulkheads or seawalls) used to stabilize the shoreline in a vertical manner.  Bulkheads are designed to retain or prevent the sliding of the land by driven timber, vinyl, or steel.  Seawalls are concrete or stacked/grouted rock structures set on or in the ground to prevent flooding or overtopping of the land.
<Esri><CreaDate>20120716</CreaDate><CreaTime>07213500</CreaTime><SyncOnce>FALSE</SyncOnce><SyncDate>20120620</SyncDate><SyncTime>09192800</SyncTime><ModDate>20120620</ModDate><ModTime>09192800</ModTime><MetaID>{87564CD3-0AE4-40BC-8C64-0DCA2EE05EF7}</MetaID></Esri><dataIdInfo><envirDesc Sync="TRUE">Microsoft Windows XP Version 5.1 (Build 2600) Service Pack 3; ESRI ArcCatalog 9.3.1.4000</envirDesc><dataLang><languageCode Sync="TRUE" value="en"></languageCode></dataLang><idCitation><resTitle Sync="TRUE">SHORELINE_ESTUARINE_STRUCT_L</resTitle><presForm><PresFormCd Sync="TRUE" value="005"></PresFormCd></presForm></idCitation><spatRpType><SpatRepTypCd Sync="TRUE" value="001"></SpatRepTypCd></spatRpType><dataExt><geoEle><GeoBndBox esriExtentType="native"><westBL Sync="TRUE">2129566.415823</westBL><eastBL Sync="TRUE">3050200.593252</eastBL><northBL Sync="TRUE">1033300.218039</northBL><southBL Sync="TRUE">35000.813723</southBL><exTypeCode Sync="TRUE">1</exTypeCode></GeoBndBox></geoEle></dataExt><geoBox esriExtentType="decdegrees"><westBL Sync="TRUE">-78.573371</westBL><eastBL Sync="TRUE">-75.425053</eastBL><northBL Sync="TRUE">36.58811</northBL><southBL Sync="TRUE">33.795922</southBL><exTypeCode Sync="TRUE">1</exTypeCode></geoBox></dataIdInfo><mdLang><languageCode Sync="TRUE" value="en"></languageCode></mdLang><mdStanName Sync="TRUE">ISO 19115 Geographic Information - Metadata</mdStanName><mdStanVer Sync="TRUE">DIS_ESRI1.0</mdStanVer><mdChar><CharSetCd Sync="TRUE" value="004"></CharSetCd></mdChar><mdHrLv><ScopeCd Sync="TRUE" value="005"></ScopeCd></mdHrLv><mdHrLvName Sync="TRUE">dataset</mdHrLvName><distInfo><distributor><distorTran><onLineSrc><orDesc Sync="TRUE">002</orDesc><linkage Sync="TRUE">file://</linkage><protocol Sync="TRUE">Local Area Network</protocol></onLineSrc><transSize Sync="TRUE">4.399</transSize></distorTran><distorFormat><formatName Sync="TRUE">Shapefile</formatName></distorFormat></distributor></distInfo><refSysInfo><RefSystem><refSysID><identCode Sync="TRUE">NAD_1983_StatePlane_North_Carolina_FIPS_3200_Feet</identCode></refSysID></RefSystem></refSysInfo><spatRepInfo><VectSpatRep><topLvl><TopoLevCd Sync="TRUE" value="001"></TopoLevCd></topLvl><geometObjs Name="SHORELINE_ESTUARINE_STRUCT_L"><geoObjTyp><GeoObjTypCd Sync="TRUE" value="001"></GeoObjTypCd></geoObjTyp><geoObjCnt Sync="TRUE">16233</geoObjCnt></geometObjs></VectSpatRep></spatRepInfo><mdDateSt Sync="TRUE">20120620</mdDateSt></metadata>
