<?xml version="1.0"?>
<!--<!DOCTYPE metadata SYSTEM "http://www.esri.com/metadata/esriprof80.dtd">-->
<metadata xml:lang="en"><Esri><MetaID>{C7583B89-DB6D-448F-A7FF-317562392F54}</MetaID><CreaDate>20060419</CreaDate><CreaTime>12223400</CreaTime><SyncOnce>TRUE</SyncOnce><DataProperties><lineage><Process ToolSource="C:\Program Files\ArcGIS\ArcToolbox\Toolboxes\Data Management Tools.tbx\Merge" Date="20060419" Time="122234">Merge 'Database Connections\COASTAL_HAZARDS.sde\COASTAL_HAZARDS.GISDATA.PROJECT_AEC_HATTERAS\COASTAL_HAZARDS.GISDATA.Shoreline_1940_Photo_Hatteras';'Database Connections\COASTAL_HAZARDS.sde\COASTAL_HAZARDS.GISDATA.PROJECT_AEC_HATTERAS\COASTAL_HAZARDS.GISDATA.Shoreline_1958_Photo_Hatteras';'Database Connections\COASTAL_HAZARDS.sde\COASTAL_HAZARDS.GISDATA.PROJECT_AEC_HATTERAS\COASTAL_HAZARDS.GISDATA.Shoreline_1971_Photo_Hatteras';'Database Connections\COASTAL_HAZARDS.sde\COASTAL_HAZARDS.GISDATA.PROJECT_AEC_HATTERAS\COASTAL_HAZARDS.GISDATA.Shoreline_1977_Photo_Hatteras';'Database Connections\COASTAL_HAZARDS.sde\COASTAL_HAZARDS.GISDATA.PROJECT_AEC_HATTERAS\COASTAL_HAZARDS.GISDATA.Shoreline_1980_Photo_Hatteras';'Database Connections\COASTAL_HAZARDS.sde\COASTAL_HAZARDS.GISDATA.PROJECT_AEC_HATTERAS\COASTAL_HAZARDS.GISDATA.Shoreline_1992_Photo_Hatteras';'Database Connections\COASTAL_HAZARDS.sde\COASTAL_HAZARDS.GISDATA.PROJECT_AEC_HATTERAS\COASTAL_HAZARDS.GISDATA.Shoreline_1998_Photo_Hatteras';'Database Connections\COASTAL_HAZARDS.sde\COASTAL_HAZARDS.GISDATA.PROJECT_AEC_HATTERAS\COASTAL_HAZARDS.GISDATA.Shoreline_2003_Photo_Hatteras' \\Gisnt7\d\ArcIMS\Website\ncshore\Data_Download\shorelines_hatteras_inlet.shp "ID ID true true false 4 Long 0 10 ,First,#,Database Connections\COASTAL_HAZARDS.sde\COASTAL_HAZARDS.GISDATA.PROJECT_AEC_HATTERAS\COASTAL_HAZARDS.GISDATA.Shoreline_1940_Photo_Hatteras,ID,-1,-1,Database Connections\COASTAL_HAZARDS.sde\COASTAL_HAZARDS.GISDATA.PROJECT_AEC_HATTERAS\COASTAL_HAZARDS.GISDATA.Shoreline_1958_Photo_Hatteras,ID,-1,-1,Database Connections\COASTAL_HAZARDS.sde\COASTAL_HAZARDS.GISDATA.PROJECT_AEC_HATTERAS\COASTAL_HAZARDS.GISDATA.Shoreline_1971_Photo_Hatteras,ID,-1,-1,Database Connections\COASTAL_HAZARDS.sde\COASTAL_HAZARDS.GISDATA.PROJECT_AEC_HATTERAS\COASTAL_HAZARDS.GISDATA.Shoreline_1977_Photo_Hatteras,ID,-1,-1,Database Connections\COASTAL_HAZARDS.sde\COASTAL_HAZARDS.GISDATA.PROJECT_AEC_HATTERAS\COASTAL_HAZARDS.GISDATA.Shoreline_1980_Photo_Hatteras,ID,-1,-1,Database Connections\COASTAL_HAZARDS.sde\COASTAL_HAZARDS.GISDATA.PROJECT_AEC_HATTERAS\COASTAL_HAZARDS.GISDATA.Shoreline_1992_Photo_Hatteras,ID,-1,-1,Database Connections\COASTAL_HAZARDS.sde\COASTAL_HAZARDS.GISDATA.PROJECT_AEC_HATTERAS\COASTAL_HAZARDS.GISDATA.Shoreline_1998_Photo_Hatteras,ID,-1,-1,Database Connections\COASTAL_HAZARDS.sde\COASTAL_HAZARDS.GISDATA.PROJECT_AEC_HATTERAS\COASTAL_HAZARDS.GISDATA.Shoreline_2003_Photo_Hatteras,ID,-1,-1;FEATURE FEATURE true true false 20 Text 0 0 ,First,#,Database Connections\COASTAL_HAZARDS.sde\COASTAL_HAZARDS.GISDATA.PROJECT_AEC_HATTERAS\COASTAL_HAZARDS.GISDATA.Shoreline_1940_Photo_Hatteras,FEATURE,-1,-1,Database Connections\COASTAL_HAZARDS.sde\COASTAL_HAZARDS.GISDATA.PROJECT_AEC_HATTERAS\COASTAL_HAZARDS.GISDATA.Shoreline_1958_Photo_Hatteras,FEATURE,-1,-1,Database Connections\COASTAL_HAZARDS.sde\COASTAL_HAZARDS.GISDATA.PROJECT_AEC_HATTERAS\COASTAL_HAZARDS.GISDATA.Shoreline_1971_Photo_Hatteras,FEATURE,-1,-1,Database Connections\COASTAL_HAZARDS.sde\COASTAL_HAZARDS.GISDATA.PROJECT_AEC_HATTERAS\COASTAL_HAZARDS.GISDATA.Shoreline_1977_Photo_Hatteras,FEATURE,-1,-1,Database Connections\COASTAL_HAZARDS.sde\COASTAL_HAZARDS.GISDATA.PROJECT_AEC_HATTERAS\COASTAL_HAZARDS.GISDATA.Shoreline_1980_Photo_Hatteras,FEATURE,-1,-1,Database Connections\COASTAL_HAZARDS.sde\COASTAL_HAZARDS.GISDATA.PROJECT_AEC_HATTERAS\COASTAL_HAZARDS.GISDATA.Shoreline_1992_Photo_Hatteras,FEATURE,-1,-1,Database Connections\COASTAL_HAZARDS.sde\COASTAL_HAZARDS.GISDATA.PROJECT_AEC_HATTERAS\COASTAL_HAZARDS.GISDATA.Shoreline_1998_Photo_Hatteras,FEATURE,-1,-1,Database Connections\COASTAL_HAZARDS.sde\COASTAL_HAZARDS.GISDATA.PROJECT_AEC_HATTERAS\COASTAL_HAZARDS.GISDATA.Shoreline_2003_Photo_Hatteras,FEATURE,-1,-1;SOURCE SOURCE true true false 20 Text 0 0 ,First,#,Database Connections\COASTAL_HAZARDS.sde\COASTAL_HAZARDS.GISDATA.PROJECT_AEC_HATTERAS\COASTAL_HAZARDS.GISDATA.Shoreline_1940_Photo_Hatteras,SOURCE,-1,-1,Database Connections\COASTAL_HAZARDS.sde\COASTAL_HAZARDS.GISDATA.PROJECT_AEC_HATTERAS\COASTAL_HAZARDS.GISDATA.Shoreline_1958_Photo_Hatteras,SOURCE,-1,-1,Database Connections\COASTAL_HAZARDS.sde\COASTAL_HAZARDS.GISDATA.PROJECT_AEC_HATTERAS\COASTAL_HAZARDS.GISDATA.Shoreline_1971_Photo_Hatteras,SOURCE,-1,-1,Database Connections\COASTAL_HAZARDS.sde\COASTAL_HAZARDS.GISDATA.PROJECT_AEC_HATTERAS\COASTAL_HAZARDS.GISDATA.Shoreline_1977_Photo_Hatteras,SOURCE,-1,-1,Database Connections\COASTAL_HAZARDS.sde\COASTAL_HAZARDS.GISDATA.PROJECT_AEC_HATTERAS\COASTAL_HAZARDS.GISDATA.Shoreline_1980_Photo_Hatteras,SOURCE,-1,-1,Database Connections\COASTAL_HAZARDS.sde\COASTAL_HAZARDS.GISDATA.PROJECT_AEC_HATTERAS\COASTAL_HAZARDS.GISDATA.Shoreline_1992_Photo_Hatteras,SOURCE,-1,-1,Database Connections\COASTAL_HAZARDS.sde\COASTAL_HAZARDS.GISDATA.PROJECT_AEC_HATTERAS\COASTAL_HAZARDS.GISDATA.Shoreline_1998_Photo_Hatteras,SOURCE,-1,-1,Database Connections\COASTAL_HAZARDS.sde\COASTAL_HAZARDS.GISDATA.PROJECT_AEC_HATTERAS\COASTAL_HAZARDS.GISDATA.Shoreline_2003_Photo_Hatteras,SOURCE,-1,-1;SHR_DATE SHR_DATE true true false 36 Date 0 0 ,First,#,Database Connections\COASTAL_HAZARDS.sde\COASTAL_HAZARDS.GISDATA.PROJECT_AEC_HATTERAS\COASTAL_HAZARDS.GISDATA.Shoreline_1940_Photo_Hatteras,SHR_DATE,-1,-1,Database Connections\COASTAL_HAZARDS.sde\COASTAL_HAZARDS.GISDATA.PROJECT_AEC_HATTERAS\COASTAL_HAZARDS.GISDATA.Shoreline_1958_Photo_Hatteras,SHR_DATE,-1,-1,Database Connections\COASTAL_HAZARDS.sde\COASTAL_HAZARDS.GISDATA.PROJECT_AEC_HATTERAS\COASTAL_HAZARDS.GISDATA.Shoreline_1971_Photo_Hatteras,SHR_DATE,-1,-1,Database Connections\COASTAL_HAZARDS.sde\COASTAL_HAZARDS.GISDATA.PROJECT_AEC_HATTERAS\COASTAL_HAZARDS.GISDATA.Shoreline_1977_Photo_Hatteras,SHR_DATE,-1,-1,Database Connections\COASTAL_HAZARDS.sde\COASTAL_HAZARDS.GISDATA.PROJECT_AEC_HATTERAS\COASTAL_HAZARDS.GISDATA.Shoreline_1980_Photo_Hatteras,SHR_DATE,-1,-1,Database Connections\COASTAL_HAZARDS.sde\COASTAL_HAZARDS.GISDATA.PROJECT_AEC_HATTERAS\COASTAL_HAZARDS.GISDATA.Shoreline_1992_Photo_Hatteras,SHR_DATE,-1,-1,Database Connections\COASTAL_HAZARDS.sde\COASTAL_HAZARDS.GISDATA.PROJECT_AEC_HATTERAS\COASTAL_HAZARDS.GISDATA.Shoreline_1998_Photo_Hatteras,SHR_DATE,-1,-1,Database Connections\COASTAL_HAZARDS.sde\COASTAL_HAZARDS.GISDATA.PROJECT_AEC_HATTERAS\COASTAL_HAZARDS.GISDATA.Shoreline_2003_Photo_Hatteras,SHR_DATE,-1,-1;SHR_YEAR SHR_YEAR true true false 8 Double 5 16 ,First,#,Database Connections\COASTAL_HAZARDS.sde\COASTAL_HAZARDS.GISDATA.PROJECT_AEC_HATTERAS\COASTAL_HAZARDS.GISDATA.Shoreline_1940_Photo_Hatteras,SHR_YEAR,-1,-1,Database Connections\COASTAL_HAZARDS.sde\COASTAL_HAZARDS.GISDATA.PROJECT_AEC_HATTERAS\COASTAL_HAZARDS.GISDATA.Shoreline_1958_Photo_Hatteras,SHR_YEAR,-1,-1,Database Connections\COASTAL_HAZARDS.sde\COASTAL_HAZARDS.GISDATA.PROJECT_AEC_HATTERAS\COASTAL_HAZARDS.GISDATA.Shoreline_1971_Photo_Hatteras,SHR_YEAR,-1,-1,Database Connections\COASTAL_HAZARDS.sde\COASTAL_HAZARDS.GISDATA.PROJECT_AEC_HATTERAS\COASTAL_HAZARDS.GISDATA.Shoreline_1977_Photo_Hatteras,SHR_YEAR,-1,-1,Database Connections\COASTAL_HAZARDS.sde\COASTAL_HAZARDS.GISDATA.PROJECT_AEC_HATTERAS\COASTAL_HAZARDS.GISDATA.Shoreline_1980_Photo_Hatteras,SHR_YEAR,-1,-1,Database Connections\COASTAL_HAZARDS.sde\COASTAL_HAZARDS.GISDATA.PROJECT_AEC_HATTERAS\COASTAL_HAZARDS.GISDATA.Shoreline_1992_Photo_Hatteras,SHR_YEAR,-1,-1,Database Connections\COASTAL_HAZARDS.sde\COASTAL_HAZARDS.GISDATA.PROJECT_AEC_HATTERAS\COASTAL_HAZARDS.GISDATA.Shoreline_1998_Photo_Hatteras,SHR_YEAR,-1,-1,Database Connections\COASTAL_HAZARDS.sde\COASTAL_HAZARDS.GISDATA.PROJECT_AEC_HATTERAS\COASTAL_HAZARDS.GISDATA.Shoreline_2003_Photo_Hatteras,SHR_YEAR,-1,-1;SHAPE_len SHAPE_len false false true 0 Double 0 0 ,First,#,Database Connections\COASTAL_HAZARDS.sde\COASTAL_HAZARDS.GISDATA.PROJECT_AEC_HATTERAS\COASTAL_HAZARDS.GISDATA.Shoreline_1940_Photo_Hatteras,SHAPE.len,-1,-1,Database Connections\COASTAL_HAZARDS.sde\COASTAL_HAZARDS.GISDATA.PROJECT_AEC_HATTERAS\COASTAL_HAZARDS.GISDATA.Shoreline_1958_Photo_Hatteras,SHAPE.len,-1,-1,Database Connections\COASTAL_HAZARDS.sde\COASTAL_HAZARDS.GISDATA.PROJECT_AEC_HATTERAS\COASTAL_HAZARDS.GISDATA.Shoreline_1971_Photo_Hatteras,SHAPE.len,-1,-1,Database Connections\COASTAL_HAZARDS.sde\COASTAL_HAZARDS.GISDATA.PROJECT_AEC_HATTERAS\COASTAL_HAZARDS.GISDATA.Shoreline_1977_Photo_Hatteras,SHAPE.len,-1,-1,Database Connections\COASTAL_HAZARDS.sde\COASTAL_HAZARDS.GISDATA.PROJECT_AEC_HATTERAS\COASTAL_HAZARDS.GISDATA.Shoreline_1980_Photo_Hatteras,SHAPE.len,-1,-1,Database Connections\COASTAL_HAZARDS.sde\COASTAL_HAZARDS.GISDATA.PROJECT_AEC_HATTERAS\COASTAL_HAZARDS.GISDATA.Shoreline_1992_Photo_Hatteras,SHAPE.len,-1,-1,Database Connections\COASTAL_HAZARDS.sde\COASTAL_HAZARDS.GISDATA.PROJECT_AEC_HATTERAS\COASTAL_HAZARDS.GISDATA.Shoreline_1998_Photo_Hatteras,SHAPE.len,-1,-1,Database Connections\COASTAL_HAZARDS.sde\COASTAL_HAZARDS.GISDATA.PROJECT_AEC_HATTERAS\COASTAL_HAZARDS.GISDATA.Shoreline_2003_Photo_Hatteras,SHAPE.len,-1,-1"</Process></lineage></DataProperties></Esri></metadata>
