<?xml version="1.0"?>
<!--<!DOCTYPE metadata SYSTEM "http://www.esri.com/metadata/esriprof80.dtd">-->
<metadata xml:lang="en"><Esri><MetaID>{71A6422E-A01B-4AD6-BF84-7E69BA269E91}</MetaID><CreaDate>20100210</CreaDate><CreaTime>07562200</CreaTime><SyncOnce>FALSE</SyncOnce><SyncDate>20100210</SyncDate><SyncTime>08215200</SyncTime><ModDate>20100210</ModDate><ModTime>08215200</ModTime></Esri><idinfo><native Sync="TRUE">Microsoft Windows XP Version 5.1 (Build 2600) Service Pack 3; ESRI ArcCatalog 9.3.1.3000</native><descript><langdata Sync="TRUE">en</langdata><abstract>These data represent the location of sandbags on North Carolina's oceanfront for the period of May-2008 to July-2008.</abstract><purpose>Inventory and map location of all permitted sandbag structures</purpose></descript><citation><citeinfo><origin>NC Division of Coastal Management</origin><pubdate>August-2008</pubdate><title>Oceanfront Sandbag Structures</title><ftname Sync="TRUE">SANDBAGS_FINAL_DOWNLOAD</ftname><geoform Sync="TRUE">vector digital data</geoform><onlink Sync="TRUE">\\MHCGIS1\F$\2008_SANDBAGS\SANDBAGS_FINAL_DOWNLOAD.shp</onlink></citeinfo></citation><timeperd><current>As Is</current><timeinfo><rngdates><begdate>May, 2008</begdate><enddate>July, 2008</enddate></rngdates></timeinfo></timeperd><status><progress>Complete</progress><update>None planned</update></status><spdom><bounding><westbc Sync="TRUE">-78.477632</westbc><eastbc Sync="TRUE">-75.423965</eastbc><northbc Sync="TRUE">36.481209</northbc><southbc Sync="TRUE">33.804442</southbc></bounding><lboundng><leftbc Sync="TRUE">2158626.000000</leftbc><rightbc Sync="TRUE">3051918.000000</rightbc><bottombc Sync="TRUE">38163.653656</bottombc><topbc Sync="TRUE">994519.000000</topbc></lboundng></spdom><keywords><theme><themekt>Erosion Control</themekt><themekey>Sandbag</themekey></theme></keywords><accconst>None</accconst><useconst>These data represent location, condition, and status of sandbags on the oceanfront only.  These data are not current as of August 2008.</useconst><natvform Sync="TRUE">Shapefile</natvform><ptcontac><cntinfo><cntorgp><cntorg>NC Division of Coastal Management</cntorg><cntper>Ken Richardson</cntper></cntorgp><cntpos>GIS Analyst</cntpos><cntaddr><addrtype>mailing and physical address</addrtype><address>400 Commerce Avenue</address><city>Morehead City</city><state>NC</state><postal>28557</postal><country>US</country></cntaddr><cntvoice>252-808-2808</cntvoice><cntemail>ken.richardson@ncdenr.gov</cntemail><hours>8:00 AM to 5:00 PM EST (Mon - Fri)</hours></cntinfo></ptcontac><datacred>North Carolina Division of Coastal Management</datacred></idinfo><dataIdInfo><envirDesc Sync="TRUE">Microsoft Windows XP Version 5.1 (Build 2600) Service Pack 3; ESRI ArcCatalog 9.3.1.3000</envirDesc><dataLang><languageCode Sync="TRUE" value="en"></languageCode></dataLang><idCitation><resTitle Sync="TRUE">SANDBAGS_FINAL_DOWNLOAD</resTitle><presForm><PresFormCd Sync="TRUE" value="005"></PresFormCd></presForm></idCitation><spatRpType><SpatRepTypCd Sync="TRUE" value="001"></SpatRepTypCd></spatRpType><dataExt><geoEle><GeoBndBox esriExtentType="native"><westBL Sync="TRUE">2158626</westBL><eastBL Sync="TRUE">3051918</eastBL><northBL Sync="TRUE">994519</northBL><southBL Sync="TRUE">38163.653656</southBL><exTypeCode Sync="TRUE">1</exTypeCode></GeoBndBox></geoEle></dataExt><geoBox esriExtentType="decdegrees"><westBL Sync="TRUE">-78.477632</westBL><eastBL Sync="TRUE">-75.423965</eastBL><northBL Sync="TRUE">36.481209</northBL><southBL Sync="TRUE">33.804442</southBL><exTypeCode Sync="TRUE">1</exTypeCode></geoBox></dataIdInfo><metainfo><langmeta Sync="TRUE">en</langmeta><metstdn Sync="TRUE">FGDC Content Standards for Digital Geospatial Metadata</metstdn><metstdv Sync="TRUE">FGDC-STD-001-1998</metstdv><mettc Sync="TRUE">local time</mettc><metc><cntinfo><cntorgp><cntper>Ken Richardson</cntper><cntorg>NC Division of Coastal Management</cntorg></cntorgp><cntaddr><addrtype>mailing and physical address</addrtype><city>Morehead City</city><state>NC</state><postal>28557</postal><address>400 Commerce Avenue</address><country>US</country></cntaddr><cntvoice>252-808-2808</cntvoice><cntpos>GIS Analyst</cntpos><cntemail>ken.richardson@ncdenr.gov</cntemail><hours>8:00 AM to 5:00 PM EST (Mon. - Fri.)</hours></cntinfo></metc><metd Sync="TRUE">20100210</metd><metextns><onlink Sync="TRUE">http://www.esri.com/metadata/esriprof80.html</onlink><metprof Sync="TRUE">ESRI Metadata Profile</metprof></metextns></metainfo><mdLang><languageCode Sync="TRUE" value="en"></languageCode></mdLang><mdStanName Sync="TRUE">ISO 19115 Geographic Information - Metadata</mdStanName><mdStanVer Sync="TRUE">DIS_ESRI1.0</mdStanVer><mdChar><CharSetCd Sync="TRUE" value="004"></CharSetCd></mdChar><mdHrLv><ScopeCd Sync="TRUE" value="005"></ScopeCd></mdHrLv><mdHrLvName Sync="TRUE">dataset</mdHrLvName><distinfo><resdesc Sync="TRUE">Downloadable Data</resdesc><stdorder><digform><digtinfo><transize Sync="TRUE">0.010</transize><dssize Sync="TRUE">0.010</dssize></digtinfo></digform></stdorder></distinfo><distInfo><distributor><distorTran><onLineSrc><orDesc Sync="TRUE">002</orDesc><linkage Sync="TRUE">file://\\MHCGIS1\F$\2008_SANDBAGS\SANDBAGS_FINAL_DOWNLOAD.shp</linkage><protocol Sync="TRUE">Local Area Network</protocol></onLineSrc><transSize Sync="TRUE">0.010</transSize></distorTran><distorFormat><formatName Sync="TRUE">Shapefile</formatName></distorFormat></distributor></distInfo><spdoinfo><direct Sync="TRUE">Vector</direct><ptvctinf><esriterm Name="SANDBAGS_FINAL_DOWNLOAD"><efeatyp Sync="TRUE">Simple</efeatyp><efeageom Sync="TRUE">Point</efeageom><esritopo Sync="TRUE">FALSE</esritopo><efeacnt Sync="TRUE">381</efeacnt><spindex Sync="TRUE">FALSE</spindex><linrefer Sync="TRUE">FALSE</linrefer></esriterm><sdtsterm Name="SANDBAGS_FINAL_DOWNLOAD"><sdtstype Sync="TRUE">Entity point</sdtstype><ptvctcnt Sync="TRUE">381</ptvctcnt></sdtsterm></ptvctinf></spdoinfo><spref><horizsys><cordsysn><geogcsn Sync="TRUE">GCS_North_American_1983</geogcsn><projcsn Sync="TRUE">NAD_1983_StatePlane_North_Carolina_FIPS_3200_Feet</projcsn></cordsysn><planar><planci><plance Sync="TRUE">coordinate pair</plance><plandu Sync="TRUE">survey feet</plandu><coordrep><absres Sync="TRUE">0.000000</absres><ordres Sync="TRUE">0.000000</ordres></coordrep></planci><mapproj><mapprojn Sync="TRUE">Lambert Conformal Conic</mapprojn><lambertc><stdparll Sync="TRUE">34.333333</stdparll><stdparll Sync="TRUE">36.166667</stdparll><longcm Sync="TRUE">-79.000000</longcm><latprjo Sync="TRUE">33.750000</latprjo><feast Sync="TRUE">2000000.002617</feast><fnorth Sync="TRUE">0.000000</fnorth></lambertc></mapproj></planar><geodetic><horizdn Sync="TRUE">North American Datum of 1983</horizdn><ellips Sync="TRUE">Geodetic Reference System 80</ellips><semiaxis Sync="TRUE">6378137.000000</semiaxis><denflat Sync="TRUE">298.257222</denflat></geodetic></horizsys></spref><refSysInfo><RefSystem><refSysID><identCode Sync="TRUE">NAD_1983_StatePlane_North_Carolina_FIPS_3200_Feet</identCode></refSysID></RefSystem></refSysInfo><spatRepInfo><VectSpatRep><topLvl><TopoLevCd Sync="TRUE" value="001"></TopoLevCd></topLvl><geometObjs Name="SANDBAGS_FINAL_DOWNLOAD"><geoObjTyp><GeoObjTypCd Sync="TRUE" value="004"></GeoObjTypCd></geoObjTyp><geoObjCnt Sync="TRUE">381</geoObjCnt></geometObjs></VectSpatRep></spatRepInfo><eainfo><detailed Name="SANDBAGS_FINAL_DOWNLOAD"><enttyp><enttypl>Oceanfront Sandbag Structures</enttypl><enttypt Sync="TRUE">Feature Class</enttypt><enttypc Sync="TRUE">381</enttypc><enttypd>NC Division of Coastal Management</enttypd></enttyp><attr><attrlabl Sync="TRUE">FID</attrlabl><attalias Sync="TRUE">FID</attalias><attrtype Sync="TRUE">OID</attrtype><attwidth Sync="TRUE">4</attwidth><atprecis Sync="TRUE">0</atprecis><attscale Sync="TRUE">0</attscale><attrdef Sync="TRUE">Internal feature number.</attrdef><attrdefs Sync="TRUE">ESRI</attrdefs><attrdomv><udom Sync="TRUE">Sequential unique whole numbers that are automatically generated.</udom></attrdomv></attr><attr><attrlabl Sync="TRUE">Shape</attrlabl><attalias Sync="TRUE">Shape</attalias><attrtype Sync="TRUE">Geometry</attrtype><attwidth Sync="TRUE">0</attwidth><atprecis Sync="TRUE">0</atprecis><attscale Sync="TRUE">0</attscale><attrdef Sync="TRUE">Feature geometry.</attrdef><attrdefs Sync="TRUE">ESRI</attrdefs><attrdomv><udom Sync="TRUE">Coordinates defining the features.</udom></attrdomv></attr><attr><attrlabl Sync="TRUE">ID</attrlabl><attalias Sync="TRUE">ID</attalias><attrtype Sync="TRUE">Number</attrtype><attwidth Sync="TRUE">9</attwidth></attr><attr><attrlabl Sync="TRUE">NCDCM_ID</attrlabl><attalias Sync="TRUE">NCDCM_ID</attalias><attrtype Sync="TRUE">Float</attrtype><attwidth Sync="TRUE">19</attwidth><attrdef>NC Division of Coastal Management sandbag mapping ID</attrdef><attrdefs>NC Division of Coastal Management</attrdefs><atnumdec Sync="TRUE">11</atnumdec></attr><attr><attrlabl Sync="TRUE">SB_TOWN</attrlabl><attalias Sync="TRUE">SB_TOWN</attalias><attrtype Sync="TRUE">String</attrtype><attwidth Sync="TRUE">254</attwidth><attrdef>Location of structure</attrdef><attrdefs>NC Division of Coastal Management</attrdefs></attr><attr><attrlabl Sync="TRUE">D_DATE</attrlabl><attalias Sync="TRUE">D_DATE</attalias><attrtype Sync="TRUE">Date</attrtype><attwidth Sync="TRUE">8</attwidth><attrdef>Data were collected on this date.</attrdef><attrdefs>NC Division of Coastal Management</attrdefs></attr><attr><attrlabl Sync="TRUE">PERMIT_1</attrlabl><attalias Sync="TRUE">PERMIT_1</attalias><attrtype Sync="TRUE">String</attrtype><attwidth Sync="TRUE">254</attwidth><attrdef>First permit number</attrdef><attrdefs>NC Division of Coastal Management</attrdefs></attr><attr><attrlabl Sync="TRUE">PERMIT_2</attrlabl><attalias Sync="TRUE">PERMIT_2</attalias><attrtype Sync="TRUE">String</attrtype><attwidth Sync="TRUE">254</attwidth><attrdef>Second permit number</attrdef><attrdefs>NC Division of Coastal Management</attrdefs></attr><attr><attrlabl Sync="TRUE">PERMIT_3</attrlabl><attalias Sync="TRUE">PERMIT_3</attalias><attrtype Sync="TRUE">String</attrtype><attwidth Sync="TRUE">254</attwidth><attrdef>Third permit number</attrdef><attrdefs>NC Division of Coastal Management</attrdefs></attr><attr><attrlabl Sync="TRUE">PHOTO1</attrlabl><attalias Sync="TRUE">PHOTO1</attalias><attrtype Sync="TRUE">String</attrtype><attwidth Sync="TRUE">254</attwidth><attrdef>Name of photo</attrdef><attrdefs>NC Division of Coastal Management</attrdefs></attr><attr><attrlabl Sync="TRUE">PHOTO2</attrlabl><attalias Sync="TRUE">PHOTO2</attalias><attrtype Sync="TRUE">String</attrtype><attwidth Sync="TRUE">254</attwidth><attrdef>Name of photo</attrdef><attrdefs>NC Division of Coastal Management</attrdefs></attr><attr><attrlabl Sync="TRUE">PHOTO3</attrlabl><attalias Sync="TRUE">PHOTO3</attalias><attrtype Sync="TRUE">String</attrtype><attwidth Sync="TRUE">254</attwidth><attrdef>Name of photo</attrdef><attrdefs>NC Division of Coastal Management</attrdefs></attr><attr><attrlabl Sync="TRUE">PHOTO4</attrlabl><attalias Sync="TRUE">PHOTO4</attalias><attrtype Sync="TRUE">String</attrtype><attwidth Sync="TRUE">254</attwidth><attrdef>Name of photo</attrdef><attrdefs>NC Division of Coastal Management</attrdefs></attr><attr><attrlabl Sync="TRUE">PHOTO5</attrlabl><attalias Sync="TRUE">PHOTO5</attalias><attrtype Sync="TRUE">String</attrtype><attwidth Sync="TRUE">254</attwidth><attrdef>Name of photo</attrdef><attrdefs>NC Division of Coastal Management</attrdefs></attr><attr><attrlabl Sync="TRUE">P_IS_1</attrlabl><attalias Sync="TRUE">P_IS_1</attalias><attrtype Sync="TRUE">Date</attrtype><attwidth Sync="TRUE">8</attwidth><attrdef>Permit issued on this date</attrdef><attrdefs>NC Division of Coastal Management</attrdefs></attr><attr><attrlabl Sync="TRUE">SB_PROT</attrlabl><attalias Sync="TRUE">SB_PROT</attalias><attrtype Sync="TRUE">String</attrtype><attwidth Sync="TRUE">254</attwidth><attrdef>2004 Setback Factor at sandbag location</attrdef><attrdefs>NC Division of Coastal Management</attrdefs></attr><attr><attrlabl Sync="TRUE">ST_OWNER</attrlabl><attalias Sync="TRUE">ST_OWNER</attalias><attrtype Sync="TRUE">String</attrtype><attwidth Sync="TRUE">254</attwidth><attrdef>Owner type (Public, Private)</attrdef><attrdefs>NC Division of Coastal Management</attrdefs></attr><attr><attrlabl Sync="TRUE">COMMENT</attrlabl><attalias Sync="TRUE">COMMENT</attalias><attrtype Sync="TRUE">String</attrtype><attwidth Sync="TRUE">254</attwidth><attrdef>Comments</attrdef><attrdefs>NC Division of Coastal Management</attrdefs></attr><attr><attrlabl Sync="TRUE">GIS_DATE</attrlabl><attalias Sync="TRUE">GIS_DATE</attalias><attrtype Sync="TRUE">Date</attrtype><attwidth Sync="TRUE">8</attwidth><attrdef>Date data were entered into GIS</attrdef><attrdefs>NC Division of Coastal Management</attrdefs></attr><attr><attrlabl Sync="TRUE">PROX_IHA</attrlabl><attalias Sync="TRUE">PROX_IHA</attalias><attrtype Sync="TRUE">String</attrtype><attwidth Sync="TRUE">254</attwidth><attrdef>Proximity to Inlet Hazard Areas.</attrdef><attrdefs>NC Division of Coastal Management</attrdefs></attr><attr><attrlabl Sync="TRUE">SB_2004</attrlabl><attalias Sync="TRUE">SB_2004</attalias><attrtype Sync="TRUE">Float</attrtype><attwidth Sync="TRUE">19</attwidth><attrdef>2004 Setback Factor</attrdef><attrdefs>NC Division of Coastal Management</attrdefs><atnumdec Sync="TRUE">11</atnumdec></attr><attr><attrlabl Sync="TRUE">DCM_OFFICE</attrlabl><attalias Sync="TRUE">DCM_OFFICE</attalias><attrtype Sync="TRUE">String</attrtype><attwidth Sync="TRUE">50</attwidth><attrdef>NC DCM regional office</attrdef><attrdefs>NC Division of Coastal Management</attrdefs></attr><attr><attrlabl Sync="TRUE">REM_DATE1</attrlabl><attalias Sync="TRUE">REM_DATE1</attalias><attrtype Sync="TRUE">Date</attrtype><attwidth Sync="TRUE">8</attwidth><attrdef>Sandbag structure to be removed on this date.</attrdef><attrdefs>NC Division of Coastal Management</attrdefs></attr><attr><attrlabl Sync="TRUE">COMMENTS2</attrlabl><attalias Sync="TRUE">COMMENTS2</attalias><attrtype Sync="TRUE">String</attrtype><attwidth Sync="TRUE">75</attwidth><attrdef>Comments</attrdef><attrdefs>NC Division of Coastal Management</attrdefs></attr></detailed></eainfo><mdDateSt Sync="TRUE">20100210</mdDateSt></metadata>
