<?xml version="1.0" encoding="UTF-8"?>
<metadata xml:lang="en"><Esri><CreaDate>20110712</CreaDate><CreaTime>15521400</CreaTime><SyncOnce>FALSE</SyncOnce><SyncDate>20110502</SyncDate><SyncTime>10223700</SyncTime><ModDate>20110502</ModDate><ModTime>10223700</ModTime><DataProperties><lineage><Process ToolSource="C:\Program Files (x86)\ArcGIS\ArcToolbox\Toolboxes\Conversion Tools.tbx\FeatureClassToFeatureClass" Date="20100701" Time="143142">FeatureClassToFeatureClass "C:\Documents and Settings\jelkins\Desktop\Working Updates\Carteret\zoning83\zoning83.shp" \\Host05\AGS\Data\Carteret.gdb\Updates zoning_070110 # "AREA 'AREA' true true false 12 Double 3 11 ,First,#,C:\Documents and Settings\jelkins\Desktop\Working Updates\Carteret\zoning83\zoning83.shp,AREA,-1,-1;PERIMETER 'PERIMETER' true true false 12 Double 3 11 ,First,#,C:\Documents and Settings\jelkins\Desktop\Working Updates\Carteret\zoning83\zoning83.shp,PERIMETER,-1,-1;ZONINGNEW8 'ZONINGNEW8' true true false 11 Double 0 11 ,First,#,C:\Documents and Settings\jelkins\Desktop\Working Updates\Carteret\zoning83\zoning83.shp,ZONINGNEW8,-1,-1;ZONINGNEW9 'ZONINGNEW9' true true false 11 Double 0 11 ,First,#,C:\Documents and Settings\jelkins\Desktop\Working Updates\Carteret\zoning83\zoning83.shp,ZONINGNEW9,-1,-1;SUBCLASS 'SUBCLASS' true true false 13 Text 0 0 ,First,#,C:\Documents and Settings\jelkins\Desktop\Working Updates\Carteret\zoning83\zoning83.shp,SUBCLASS,-1,-1;SUBCLASS_ 'SUBCLASS_' true true false 11 Double 0 11 ,First,#,C:\Documents and Settings\jelkins\Desktop\Working Updates\Carteret\zoning83\zoning83.shp,SUBCLASS_,-1,-1;RINGS_OK 'RINGS_OK' true true false 7 Long 0 7 ,First,#,C:\Documents and Settings\jelkins\Desktop\Working Updates\Carteret\zoning83\zoning83.shp,RINGS_OK,-1,-1;RINGS_NOK 'RINGS_NOK' true true false 7 Long 0 7 ,First,#,C:\Documents and Settings\jelkins\Desktop\Working Updates\Carteret\zoning83\zoning83.shp,RINGS_NOK,-1,-1;ZONESEAN_ 'ZONESEAN_' true true false 11 Double 0 11 ,First,#,C:\Documents and Settings\jelkins\Desktop\Working Updates\Carteret\zoning83\zoning83.shp,ZONESEAN_,-1,-1;ZONESEAN_I 'ZONESEAN_I' true true false 11 Double 0 11 ,First,#,C:\Documents and Settings\jelkins\Desktop\Working Updates\Carteret\zoning83\zoning83.shp,ZONESEAN_I,-1,-1;PRECINCT 'PRECINCT' true true false 23 Text 0 0 ,First,#,C:\Documents and Settings\jelkins\Desktop\Working Updates\Carteret\zoning83\zoning83.shp,PRECINCT,-1,-1;TOWNSHIP 'TOWNSHIP' true true false 23 Text 0 0 ,First,#,C:\Documents and Settings\jelkins\Desktop\Working Updates\Carteret\zoning83\zoning83.shp,TOWNSHIP,-1,-1;PRECINCT_ 'PRECINCT_' true true false 11 Double 0 11 ,First,#,C:\Documents and Settings\jelkins\Desktop\Working Updates\Carteret\zoning83\zoning83.shp,PRECINCT_,-1,-1;ACRES 'ACRES' true true false 18 Double 2 17 ,First,#,C:\Documents and Settings\jelkins\Desktop\Working Updates\Carteret\zoning83\zoning83.shp,ACRES,-1,-1;ZONE 'ZONE' true true false 15 Text 0 0 ,First,#,C:\Documents and Settings\jelkins\Desktop\Working Updates\Carteret\zoning83\zoning83.shp,ZONE,-1,-1" # \\Host05\AGS\Data\Carteret.gdb\Updates\zoning_070110</Process><Process ToolSource="C:\Program Files (x86)\ArcGIS\Desktop10.0\ArcToolbox\Toolboxes\Data Management Tools.tbx\CopyFeatures" Date="20110425" Time="163443">CopyFeatures \\Host05\AGS\Data\Carteret.gdb\Updates\zoning_061710 "C:\Documents and Settings\lthomas\Desktop\WorkingUpdates\Carteret\CarteretData\Carteret.gdb\Jurisdiction\zoning_061710" # 0 0 0</Process><Process ToolSource="C:\Program Files\ArcGIS\Desktop10.0\ArcToolbox\Toolboxes\Data Management Tools.tbx\CopyFeatures" Date="20110502" Time="102238">CopyFeatures C:\Users\barryb\Desktop\Withers&amp;Ravenel\Carteret.gdb\Jurisdiction\zoning "Database Connections\_SDE Admin  to CarteretGIS.sde\CarteretGIS.SDE.Jurisdiction\CarteretGIS.SDE.zoning" # 0 0 0</Process></lineage><itemProps><itemName Sync="TRUE">CarteretGIS.SDE.zoning</itemName><imsContentType Sync="TRUE">002</imsContentType><itemLocation><linkage Sync="TRUE">Server=it-sql; Service=sde:sqlserver:it-sql; Database=CarteretGIS; User=sde; Version=sde.DEFAULT</linkage><protocol Sync="TRUE">ArcSDE Connection</protocol></itemLocation></itemProps><coordRef><type Sync="TRUE">Projected</type><geogcsn Sync="TRUE">GCS_North_American_1983</geogcsn><projcsn Sync="TRUE">NAD_1983_StatePlane_North_Carolina_FIPS_3200_Feet</projcsn><peXml Sync="TRUE">&lt;ProjectedCoordinateSystem xsi:type='typens:ProjectedCoordinateSystem' xmlns:xsi='http://www.w3.org/2001/XMLSchema-instance' xmlns:xs='http://www.w3.org/2001/XMLSchema' xmlns:typens='http://www.esri.com/schemas/ArcGIS/10.0'&gt;&lt;WKT&gt;PROJCS[&amp;quot;NAD_1983_StatePlane_North_Carolina_FIPS_3200_Feet&amp;quot;,GEOGCS[&amp;quot;GCS_North_American_1983&amp;quot;,DATUM[&amp;quot;D_North_American_1983&amp;quot;,SPHEROID[&amp;quot;GRS_1980&amp;quot;,6378137.0,298.257222101]],PRIMEM[&amp;quot;Greenwich&amp;quot;,0.0],UNIT[&amp;quot;Degree&amp;quot;,0.0174532925199433]],PROJECTION[&amp;quot;Lambert_Conformal_Conic&amp;quot;],PARAMETER[&amp;quot;False_Easting&amp;quot;,2000000.002616666],PARAMETER[&amp;quot;False_Northing&amp;quot;,0.0],PARAMETER[&amp;quot;Central_Meridian&amp;quot;,-79.0],PARAMETER[&amp;quot;Standard_Parallel_1&amp;quot;,34.33333333333334],PARAMETER[&amp;quot;Standard_Parallel_2&amp;quot;,36.16666666666666],PARAMETER[&amp;quot;Latitude_Of_Origin&amp;quot;,33.75],UNIT[&amp;quot;Foot_US&amp;quot;,0.3048006096012192],AUTHORITY[&amp;quot;EPSG&amp;quot;,2264]]&lt;/WKT&gt;&lt;XOrigin&gt;-121841900&lt;/XOrigin&gt;&lt;YOrigin&gt;-93659000&lt;/YOrigin&gt;&lt;XYScale&gt;3048.0060960121914&lt;/XYScale&gt;&lt;ZOrigin&gt;0&lt;/ZOrigin&gt;&lt;ZScale&gt;1&lt;/ZScale&gt;&lt;MOrigin&gt;0&lt;/MOrigin&gt;&lt;MScale&gt;1&lt;/MScale&gt;&lt;XYTolerance&gt;0.0032808333333333335&lt;/XYTolerance&gt;&lt;ZTolerance&gt;0.001&lt;/ZTolerance&gt;&lt;MTolerance&gt;0.001&lt;/MTolerance&gt;&lt;HighPrecision&gt;true&lt;/HighPrecision&gt;&lt;WKID&gt;2264&lt;/WKID&gt;&lt;/ProjectedCoordinateSystem&gt;</peXml></coordRef></DataProperties><ArcGISFormat>1.0</ArcGISFormat></Esri><idinfo><native Sync="TRUE">Microsoft Windows 2000 Version 5.2 (Build 3790) Service Pack 2; ESRI ArcCatalog 9.3.1.3000</native><descript><langdata Sync="TRUE">en</langdata><abstract>REQUIRED: A brief narrative summary of the data set.</abstract><purpose>REQUIRED: A summary of the intentions with which the data set was developed.</purpose></descript><citation><citeinfo><origin>REQUIRED: The name of an organization or individual that developed the data set.</origin><pubdate>REQUIRED: The date when the data set is published or otherwise made available for release.</pubdate><title Sync="TRUE">zoning_070110</title><ftname Sync="TRUE">zoning_070110</ftname><geoform Sync="TRUE">vector digital data</geoform><onlink Sync="TRUE">\\Host05\AGS\Data\Carteret.gdb</onlink></citeinfo></citation><timeperd><current>REQUIRED: The basis on which the time period of content information is determined.</current><timeinfo><sngdate><caldate>REQUIRED: The year (and optionally month, or month and day) for which the data set corresponds to the ground.</caldate></sngdate></timeinfo></timeperd><status><progress>REQUIRED: The state of the data set.</progress><update>REQUIRED: The frequency with which changes and additions are made to the data set after the initial data set is completed.</update></status><spdom><bounding><westbc Sync="TRUE">REQUIRED: Western-most coordinate of the limit of coverage expressed in longitude.</westbc><eastbc Sync="TRUE">REQUIRED: Eastern-most coordinate of the limit of coverage expressed in longitude.</eastbc><northbc Sync="TRUE">REQUIRED: Northern-most coordinate of the limit of coverage expressed in latitude.</northbc><southbc Sync="TRUE">REQUIRED: Southern-most coordinate of the limit of coverage expressed in latitude.</southbc></bounding></spdom><keywords><theme><themekt>REQUIRED: Reference to a formally registered thesaurus or a similar authoritative source of theme keywords.</themekt><themekey>REQUIRED: Common-use word or phrase used to describe the subject of the data set.</themekey></theme></keywords><accconst>REQUIRED: Restrictions and legal prerequisites for accessing the data set.</accconst><useconst>REQUIRED: Restrictions and legal prerequisites for using the data set after access is granted.</useconst><natvform Sync="TRUE">File Geodatabase Feature Class</natvform></idinfo><dataIdInfo><envirDesc Sync="TRUE">Microsoft Windows Server 2008 R2 Version 6.1 (Build 7600) ; ESRI ArcGIS 10.0.0.2414</envirDesc><dataLang><languageCode Sync="TRUE" value="eng" country="USA"/></dataLang><idCitation><resTitle Sync="TRUE">CarteretGIS.SDE.zoning</resTitle><presForm><PresFormCd value="005"/></presForm></idCitation><descKeys><thesaName uuidref="723f6998-058e-11dc-8314-0800200c9a66"/><keyword Sync="TRUE">002</keyword></descKeys><spatRpType><SpatRepTypCd value="001"/></spatRpType></dataIdInfo><metainfo><langmeta Sync="TRUE">en</langmeta><metstdn Sync="TRUE">FGDC Content Standards for Digital Geospatial Metadata</metstdn><metstdv Sync="TRUE">FGDC-STD-001-1998</metstdv><mettc Sync="TRUE">local time</mettc><metc><cntinfo><cntorgp><cntper>REQUIRED: The person responsible for the metadata information.</cntper><cntorg>REQUIRED: The organization responsible for the metadata information.</cntorg></cntorgp><cntaddr><addrtype>REQUIRED: The mailing and/or physical address for the organization or individual.</addrtype><city>REQUIRED: The city of the address.</city><state>REQUIRED: The state or province of the address.</state><postal>REQUIRED: The ZIP or other postal code of the address.</postal></cntaddr><cntvoice>REQUIRED: The telephone number by which individuals can speak to the organization or individual.</cntvoice></cntinfo></metc><metd Sync="TRUE">20100701</metd></metainfo><mdLang><languageCode Sync="TRUE" value="eng"/></mdLang><mdStanName Sync="TRUE">ISO 19115 Geographic Information - Metadata</mdStanName><mdStanVer Sync="TRUE">DIS_ESRI1.0</mdStanVer><mdChar><CharSetCd Sync="TRUE" value="004"/></mdChar><mdHrLv><ScopeCd Sync="TRUE" value="005"/></mdHrLv><mdHrLvName Sync="TRUE">dataset</mdHrLvName><distinfo><resdesc Sync="TRUE">Downloadable Data</resdesc></distinfo><distInfo><distributor><distorTran><onLineSrc><orDesc Sync="TRUE">002</orDesc><linkage Sync="TRUE">file://\\Host05\AGS\Data\Carteret.gdb</linkage><protocol Sync="TRUE">Local Area Network</protocol></onLineSrc></distorTran><distorFormat><formatName Sync="TRUE">File Geodatabase Feature Class</formatName></distorFormat></distributor><distFormat><formatName Sync="TRUE">SDE Feature Class</formatName></distFormat></distInfo><spdoinfo><direct Sync="TRUE">Vector</direct><ptvctinf><esriterm Name="CarteretGIS.SDE.zoning"><efeatyp Sync="TRUE">Simple</efeatyp><efeageom Sync="TRUE">4</efeageom><esritopo Sync="TRUE">FALSE</esritopo><efeacnt Sync="TRUE">0</efeacnt><spindex Sync="TRUE">TRUE</spindex><linrefer Sync="TRUE">FALSE</linrefer></esriterm></ptvctinf></spdoinfo><spref><horizsys><cordsysn><geogcsn Sync="TRUE">GCS_North_American_1983</geogcsn><projcsn Sync="TRUE">NAD_1983_StatePlane_North_Carolina_FIPS_3200_Feet</projcsn></cordsysn><planar><planci><plance Sync="TRUE">coordinate pair</plance><plandu Sync="TRUE">survey feet</plandu><coordrep><absres Sync="TRUE">0.000328</absres><ordres Sync="TRUE">0.000328</ordres></coordrep></planci></planar><geodetic><horizdn Sync="TRUE">North American Datum of 1983</horizdn><ellips Sync="TRUE">Geodetic Reference System 80</ellips><semiaxis Sync="TRUE">6378137.000000</semiaxis><denflat Sync="TRUE">298.257222</denflat></geodetic></horizsys><vertdef><altsys><altenc Sync="TRUE">Explicit elevation coordinate included with horizontal coordinates</altenc><altres Sync="TRUE">0.000100</altres></altsys></vertdef></spref><refSysInfo><RefSystem><refSysID><identCode Sync="TRUE" code="2264">NAD_1983_StatePlane_North_Carolina_FIPS_3200_Feet</identCode><idCodeSpace Sync="TRUE">EPSG</idCodeSpace><idVersion Sync="TRUE">7.4.1</idVersion></refSysID></RefSystem></refSysInfo><spatRepInfo><VectSpatRep><topLvl><TopoLevCd Sync="TRUE" value="001"/></topLvl><geometObjs Name="zoning_070110"><geoObjTyp><GeoObjTypCd Sync="TRUE" value="002"/><geoObjCnt Sync="TRUE">0</geoObjCnt></geoObjTyp><geoObjCnt Sync="TRUE">0</geoObjCnt></geometObjs></VectSpatRep></spatRepInfo><eainfo><detailed Name="CarteretGIS.SDE.zoning"><enttyp><enttypl Sync="TRUE">CarteretGIS.SDE.zoning</enttypl><enttypt Sync="TRUE">Feature Class</enttypt><enttypc Sync="TRUE">0</enttypc></enttyp><attr><attrlabl Sync="TRUE">OBJECTID</attrlabl><attalias Sync="TRUE">OBJECTID</attalias><attrtype Sync="TRUE">OID</attrtype><attwidth Sync="TRUE">4</attwidth><atprecis Sync="TRUE">10</atprecis><attscale Sync="TRUE">0</attscale><attrdef Sync="TRUE">Internal feature number.</attrdef><attrdefs Sync="TRUE">ESRI</attrdefs><attrdomv><udom Sync="TRUE">Sequential unique whole numbers that are automatically generated.</udom></attrdomv></attr><attr><attrlabl Sync="TRUE">AREA_</attrlabl><attalias Sync="TRUE">AREA</attalias><attrtype Sync="TRUE">Double</attrtype><attwidth Sync="TRUE">8</attwidth><atprecis Sync="TRUE">38</atprecis><attscale Sync="TRUE">8</attscale></attr><attr><attrlabl Sync="TRUE">Shape</attrlabl><attalias Sync="TRUE">Shape</attalias><attrtype Sync="TRUE">Geometry</attrtype><attwidth Sync="TRUE">4</attwidth><atprecis Sync="TRUE">0</atprecis><attscale Sync="TRUE">0</attscale><attrdef Sync="TRUE">Feature geometry.</attrdef><attrdefs Sync="TRUE">ESRI</attrdefs><attrdomv><udom Sync="TRUE">Coordinates defining the features.</udom></attrdomv></attr><attr><attrlabl Sync="TRUE">PERIMETER</attrlabl><attalias Sync="TRUE">PERIMETER</attalias><attrtype Sync="TRUE">Double</attrtype><attwidth Sync="TRUE">8</attwidth><atprecis Sync="TRUE">38</atprecis><attscale Sync="TRUE">8</attscale></attr><attr><attrlabl Sync="TRUE">ZONINGNEW8</attrlabl><attalias Sync="TRUE">ZONINGNEW8</attalias><attrtype Sync="TRUE">Double</attrtype><attwidth Sync="TRUE">8</attwidth><atprecis Sync="TRUE">38</atprecis><attscale Sync="TRUE">8</attscale></attr><attr><attrlabl Sync="TRUE">ZONINGNEW9</attrlabl><attalias Sync="TRUE">ZONINGNEW9</attalias><attrtype Sync="TRUE">Double</attrtype><attwidth Sync="TRUE">8</attwidth><atprecis Sync="TRUE">38</atprecis><attscale Sync="TRUE">8</attscale></attr><attr><attrlabl Sync="TRUE">SUBCLASS</attrlabl><attalias Sync="TRUE">SUBCLASS</attalias><attrtype Sync="TRUE">String</attrtype><attwidth Sync="TRUE">13</attwidth><atprecis Sync="TRUE">0</atprecis><attscale Sync="TRUE">0</attscale></attr><attr><attrlabl Sync="TRUE">SUBCLASS_</attrlabl><attalias Sync="TRUE">SUBCLASS_</attalias><attrtype Sync="TRUE">Double</attrtype><attwidth Sync="TRUE">8</attwidth><atprecis Sync="TRUE">38</atprecis><attscale Sync="TRUE">8</attscale></attr><attr><attrlabl Sync="TRUE">RINGS_OK</attrlabl><attalias Sync="TRUE">RINGS_OK</attalias><attrtype Sync="TRUE">Integer</attrtype><attwidth Sync="TRUE">4</attwidth><atprecis Sync="TRUE">10</atprecis><attscale Sync="TRUE">0</attscale></attr><attr><attrlabl Sync="TRUE">RINGS_NOK</attrlabl><attalias Sync="TRUE">RINGS_NOK</attalias><attrtype Sync="TRUE">Integer</attrtype><attwidth Sync="TRUE">4</attwidth><atprecis Sync="TRUE">10</atprecis><attscale Sync="TRUE">0</attscale></attr><attr><attrlabl Sync="TRUE">ZONESEAN_</attrlabl><attalias Sync="TRUE">ZONESEAN_</attalias><attrtype Sync="TRUE">Double</attrtype><attwidth Sync="TRUE">8</attwidth><atprecis Sync="TRUE">38</atprecis><attscale Sync="TRUE">8</attscale></attr><attr><attrlabl Sync="TRUE">ZONESEAN_I</attrlabl><attalias Sync="TRUE">ZONESEAN_I</attalias><attrtype Sync="TRUE">Double</attrtype><attwidth Sync="TRUE">8</attwidth><atprecis Sync="TRUE">38</atprecis><attscale Sync="TRUE">8</attscale></attr><attr><attrlabl Sync="TRUE">PRECINCT</attrlabl><attalias Sync="TRUE">PRECINCT</attalias><attrtype Sync="TRUE">String</attrtype><attwidth Sync="TRUE">23</attwidth><atprecis Sync="TRUE">0</atprecis><attscale Sync="TRUE">0</attscale></attr><attr><attrlabl Sync="TRUE">TOWNSHIP</attrlabl><attalias Sync="TRUE">TOWNSHIP</attalias><attrtype Sync="TRUE">String</attrtype><attwidth Sync="TRUE">23</attwidth><atprecis Sync="TRUE">0</atprecis><attscale Sync="TRUE">0</attscale></attr><attr><attrlabl Sync="TRUE">PRECINCT_</attrlabl><attalias Sync="TRUE">PRECINCT_</attalias><attrtype Sync="TRUE">Double</attrtype><attwidth Sync="TRUE">8</attwidth><atprecis Sync="TRUE">38</atprecis><attscale Sync="TRUE">8</attscale></attr><attr><attrlabl Sync="TRUE">ACRES</attrlabl><attalias Sync="TRUE">ACRES</attalias><attrtype Sync="TRUE">Double</attrtype><attwidth Sync="TRUE">8</attwidth><atprecis Sync="TRUE">38</atprecis><attscale Sync="TRUE">8</attscale></attr><attr><attrlabl Sync="TRUE">ZONE</attrlabl><attalias Sync="TRUE">ZONE</attalias><attrtype Sync="TRUE">String</attrtype><attwidth Sync="TRUE">15</attwidth><atprecis Sync="TRUE">0</atprecis><attscale Sync="TRUE">0</attscale></attr><attr><attrlabl Sync="TRUE">Shape.area</attrlabl><attalias Sync="TRUE">Shape.area</attalias><attrtype Sync="TRUE">Double</attrtype><attwidth Sync="TRUE">0</attwidth><atprecis Sync="TRUE">0</atprecis><attscale Sync="TRUE">0</attscale></attr><attr><attrlabl Sync="TRUE">Shape.len</attrlabl><attalias Sync="TRUE">Shape.len</attalias><attrtype Sync="TRUE">Double</attrtype><attwidth Sync="TRUE">0</attwidth><atprecis Sync="TRUE">0</atprecis><attscale Sync="TRUE">0</attscale></attr></detailed></eainfo><mdDateSt Sync="TRUE">20110502</mdDateSt></metadata>
