<?xml version="1.0"?>
<!--<!DOCTYPE metadata SYSTEM "http://www.esri.com/metadata/esriprof80.dtd">-->
<metadata xml:lang="en"><Esri><CreaDate>20090113</CreaDate><CreaTime>11422100</CreaTime><SyncOnce>FALSE</SyncOnce><DataProperties><lineage><Process Name="Create Feature Class" ToolSource="C:\Program Files\ArcGIS\ArcToolbox\Toolboxes\Data Management Tools.tbx\CreateFeatureclass" Date="20070221" Time="092017">CreateFeatureclass C:\DCM_GIS\Coastal_Hazards_Geodata\COASTAL_HAZARDS.mdb\HAZARDS IHA_2007_SCIPAN_Proposed # IHA_Proposed_Science_Panel_L SAME_AS_TEMPLATE SAME_AS_TEMPLATE "PROJCS['NAD_1983_StatePlane_North_Carolina_FIPS_3200_Feet',GEOGCS['GCS_North_American_1983',DATUM['D_North_American_1983',SPHEROID['GRS_1980',6378137.0,298.257222101]],PRIMEM['Greenwich',0.0],UNIT['Degree',0.0174532925199433]],PROJECTION['Lambert_Conformal_Conic'],PARAMETER['False_Easting',2000000.002616666],PARAMETER['False_Northing',0.0],PARAMETER['Central_Meridian',-79.0],PARAMETER['Standard_Parallel_1',34.33333333333334],PARAMETER['Standard_Parallel_2',36.16666666666666],PARAMETER['Latitude_Of_Origin',33.75],UNIT['Foot_US',0.3048006096012192]];369876.760738631 -1905819.57004682 488.281249545253;0 100000;0 100000" # 0 0 0 C:\DCM_GIS\Coastal_Hazards_Geodata\COASTAL_HAZARDS.mdb\HAZARDS\IHA_2007_SCIPAN_Proposed</Process><Process Name="Append" ToolSource="C:\Program Files\ArcGIS\ArcToolbox\Toolboxes\Data Management Tools.tbx\Append" Date="20070221" Time="092021">Append IHA_Proposed_Science_Panel_L C:\DCM_GIS\Coastal_Hazards_Geodata\COASTAL_HAZARDS.mdb\HAZARDS\IHA_2007_SCIPAN_Proposed TEST C:\DCM_GIS\Coastal_Hazards_Geodata\COASTAL_HAZARDS.mdb\HAZARDS\IHA_2007_SCIPAN_Proposed</Process><Process Name="FeatureClassToFeatureClass_1" ToolSource="C:\Program Files\ArcGIS\ArcToolbox\Toolboxes\Conversion Tools.tbx\FeatureClassToFeatureClass" Date="20070221" Time="092025">FeatureClassToFeatureClass C:\temp\IHA_Proposed_Science_Panel.shp C:\DCM_GIS\Coastal_Hazards_Geodata\COASTAL_HAZARDS.mdb\HAZARDS IHA_2007_SCIPAN_Proposed # "OBJECTID_1 OBJECTID_1 VISIBLE;OBJECTID OBJECTID VISIBLE;FEATURE FEATURE VISIBLE;Shape_Leng Shape_Leng VISIBLE;STATUS STATUS VISIBLE;INLET INLET VISIBLE;Shape_Le_1 Shape_Le_1 VISIBLE;Shape_Area Shape_Area VISIBLE" SAME_AS_TEMPLATE SAME_AS_TEMPLATE # 0 C:\DCM_GIS\Coastal_Hazards_Geodata\COASTAL_HAZARDS.mdb\HAZARDS\IHA_2007_SCIPAN_Proposed</Process><Process Name="FeatureClassToFeatureClass_2" ToolSource="C:\Program Files\ArcGIS\ArcToolbox\Toolboxes\Conversion Tools.tbx\FeatureClassToFeatureClass" Date="20070830" Time="134836">FeatureClassToFeatureClass C:\GIS\SHAPEFILES\IHA_2007_NCDCM.shp "Database Connections\Connection to DCM2K3SERVER2.sde\COASTAL_HAZARDS.GISDATA.HAZARDS" Inlet_Proposed_Hazard_Areas # "OBJECTID_1 OBJECTID_1 true false false 10 Double 0 10 ,First,#,C:\GIS\SHAPEFILES\IHA_2007_NCDCM.shp,OBJECTID_1,-1,-1;FEATURE FEATURE true false false 50 Text 0 0 ,First,#,C:\GIS\SHAPEFILES\IHA_2007_NCDCM.shp,FEATURE,-1,-1;STATUS STATUS true false false 50 Text 0 0 ,First,#,C:\GIS\SHAPEFILES\IHA_2007_NCDCM.shp,STATUS,-1,-1;GIS_ANALYS GIS_ANALYS true false false 5 Text 0 0 ,First,#,C:\GIS\SHAPEFILES\IHA_2007_NCDCM.shp,GIS_ANALYS,-1,-1;SOURCE SOURCE true false false 15 Text 0 0 ,First,#,C:\GIS\SHAPEFILES\IHA_2007_NCDCM.shp,SOURCE,-1,-1;GIS_DATE GIS_DATE true true false 8 Date 0 0 ,First,#,C:\GIS\SHAPEFILES\IHA_2007_NCDCM.shp,GIS_DATE,-1,-1;INLET INLET true false false 75 Text 0 0 ,First,#,C:\GIS\SHAPEFILES\IHA_2007_NCDCM.shp,INLET,-1,-1;Shape_area Shape_area true false false 19 Double 0 0 ,First,#,C:\GIS\SHAPEFILES\IHA_2007_NCDCM.shp,Shape_area,-1,-1;Shape_len Shape_len true false false 19 Double 0 0 ,First,#,C:\GIS\SHAPEFILES\IHA_2007_NCDCM.shp,Shape_len,-1,-1" # "Database Connections\Connection to DCM2K3SERVER2.sde\COASTAL_HAZARDS.GISDATA.HAZARDS\COASTAL_HAZARDS.GISDATA.Inlet_Proposed_Hazard_Areas"</Process></lineage></DataProperties><SyncDate>20090126</SyncDate><SyncTime>08424300</SyncTime><ModDate>20090126</ModDate><ModTime>08424300</ModTime><MetaID>{0C1ABA6C-B8D8-4C1B-95D9-B627D697775F}</MetaID></Esri><idinfo><citation><citeinfo><onlink>http://dcm2.enr.state.nc.us/Maps/chdownload.htm</onlink><origin>NC Division of Coastal Management</origin><pubdate>Unpublished Material</pubdate><title>Proposed Inlet Hazard Area (01/26/2009)</title><ftname Sync="TRUE">Proposed_IHA_01132009_poly</ftname><geoform Sync="TRUE">vector digital data</geoform></citeinfo></citation><native Sync="TRUE">Microsoft Windows XP Version 5.1 (Build 2600) Service Pack 3; ESRI ArcCatalog 9.2.6.1500</native><descript><langdata Sync="TRUE">en</langdata><abstract>These boundaries were created in an effort to delineate areas under the influence of inlet processes.  These "Inlet Hazard Areas (IHA)" are considered to be "Proposed" and are subject to change without notice (as of Monday, 01/26/2009, 08:12AM EST).</abstract><purpose>Delineate Inlet Hazard Areas</purpose><supplinf>(Report will follow)</supplinf></descript><timeperd><current>ground condition</current><timeinfo><sngdate><caldate>01/26/2009</caldate></sngdate></timeinfo></timeperd><status><progress>In work</progress><update>As needed</update></status><spdom><bounding><westbc Sync="TRUE">-78.499669</westbc><eastbc Sync="TRUE">-76.640998</eastbc><northbc Sync="TRUE">34.721360</northbc><southbc Sync="TRUE">33.827141</southbc></bounding><lboundng><leftbc Sync="TRUE">2151942.850667</leftbc><rightbc Sync="TRUE">2708974.821889</rightbc><bottombc Sync="TRUE">36412.997782</bottombc><topbc Sync="TRUE">353909.933717</topbc></lboundng></spdom><keywords><theme><themekt>AEC</themekt><themekey>IHA</themekey><themekey>Inlet Hazard Area</themekey></theme></keywords><accconst>NONE</accconst><useconst>These data are "Proposed" and should not be considered final-form.  NC Division of Coastal Management will post changes without notice.</useconst><natvform Sync="TRUE">Shapefile</natvform><ptcontac><cntinfo><cntorgp><cntorg>NC DENR - Division of Coastal Management</cntorg><cntper>Ken Richardson</cntper></cntorgp><cntpos>GIS Analyst</cntpos><cntaddr><addrtype>mailing and physical address</addrtype><address>400 Commerce Avenue</address><city>Morehead City</city><state>NC</state><postal>28557</postal><country>USA</country></cntaddr><cntvoice>252-808-2808</cntvoice><cntemail>ken.richardson@ncmail.net</cntemail></cntinfo></ptcontac><datacred>NC Division of Coastal Management - 2009</datacred></idinfo><distInfo><distributor><distorTran><onLineSrc><linkage Sync="TRUE">file://\\1F-200B_XP\G\2008_INLET_HAZARD_AREA\DATA\Proposed_IHA_01132009_poly.shp</linkage><protocol Sync="TRUE">Local Area Network</protocol><orDesc Sync="TRUE">002</orDesc></onLineSrc><transSize Sync="TRUE">0.013</transSize></distorTran><distorFormat><formatName Sync="TRUE">Shapefile</formatName></distorFormat></distributor></distInfo><dataqual><lineage><procstep><procdesc Sync="TRUE">Dataset copied.</procdesc><srcused Sync="TRUE">\\1F-200B_XP\GIS on Ken's Laptop\COASTAL_HAZARDS.mdb</srcused><date Sync="TRUE">20070225</date><time Sync="TRUE">13393100</time></procstep><procstep><procdesc Sync="TRUE">Dataset copied.</procdesc><srcused Sync="TRUE"></srcused><date Sync="TRUE">20070726</date><time Sync="TRUE">09093500</time></procstep><procstep><procdesc Sync="TRUE">Dataset copied.</procdesc><srcused Sync="TRUE"></srcused><date Sync="TRUE">20070828</date><time Sync="TRUE">09274100</time></procstep><procstep><procdesc Sync="TRUE">Dataset copied.</procdesc><srcused Sync="TRUE">\\GISNT2\DCM_GIS\Coastal_Hazards_Geodata\COASTAL_HAZARDS.mdb</srcused><date Sync="TRUE">20070828</date><time Sync="TRUE">09563200</time></procstep><procstep><procdesc Sync="TRUE">Dataset copied.</procdesc><srcused Sync="TRUE">Server=DCM2K3SERVER2; Service=5154; Database=COASTAL_HAZARDS; User=GISDATA; Version=sde.DEFAULT</srcused><date Sync="TRUE">20070828</date><time Sync="TRUE">14003600</time></procstep><procstep><procdesc Sync="TRUE">Dataset copied.</procdesc><srcused Sync="TRUE">Server=DCM2K3SERVER2; Service=5154; Database=COASTAL_HAZARDS; User=GISDATA; Version=sde.DEFAULT</srcused><date Sync="TRUE">20080226</date><time Sync="TRUE">10072400</time></procstep><procstep><procdesc Sync="TRUE">Dataset copied.</procdesc><srcused Sync="TRUE">\\GISNT2\F$\COASTAL_HAZARDS.mdb</srcused><date Sync="TRUE">20081229</date><time Sync="TRUE">08302900</time></procstep><procstep><procdesc Sync="TRUE">Dataset copied.</procdesc><srcused Sync="TRUE"></srcused><date Sync="TRUE">20081229</date><time Sync="TRUE">08421400</time></procstep><procstep><procdesc Sync="TRUE">Dataset copied.</procdesc><srcused Sync="TRUE"></srcused><date Sync="TRUE">20090113</date><time Sync="TRUE">11422200</time></procstep></lineage></dataqual><dataIdInfo><envirDesc Sync="TRUE">Microsoft Windows XP Version 5.1 (Build 2600) Service Pack 3; ESRI ArcCatalog 9.2.6.1500</envirDesc><dataLang><languageCode Sync="TRUE" value="en"></languageCode></dataLang><idCitation><resTitle Sync="TRUE">Proposed_IHA_01132009_poly</resTitle><presForm><PresFormCd Sync="TRUE" value="005"></PresFormCd></presForm></idCitation><spatRpType><SpatRepTypCd Sync="TRUE" value="001"></SpatRepTypCd></spatRpType><dataExt><geoEle><GeoBndBox esriExtentType="native"><westBL Sync="TRUE">2151942.850667</westBL><eastBL Sync="TRUE">2708974.821889</eastBL><northBL Sync="TRUE">353909.933717</northBL><southBL Sync="TRUE">36412.997782</southBL><exTypeCode Sync="TRUE">1</exTypeCode></GeoBndBox></geoEle></dataExt><geoBox esriExtentType="decdegrees"><westBL Sync="TRUE">-78.499669</westBL><eastBL Sync="TRUE">-76.640998</eastBL><northBL Sync="TRUE">34.72136</northBL><southBL Sync="TRUE">33.827141</southBL><exTypeCode Sync="TRUE">1</exTypeCode></geoBox></dataIdInfo><metainfo><langmeta Sync="TRUE">en</langmeta><metstdn Sync="TRUE">FGDC Content Standards for Digital Geospatial Metadata</metstdn><metstdv Sync="TRUE">FGDC-STD-001-1998</metstdv><mettc Sync="TRUE">local time</mettc><metc><cntinfo><cntorgp><cntper>Ken Richardson</cntper><cntorg>NC DENR - Division of Coastal Management</cntorg></cntorgp><cntaddr><addrtype>mailing and physical address</addrtype><city>Morehead City</city><state>NC</state><postal>28557</postal><address>400 Commerce Avenue</address><country>USA</country></cntaddr><cntvoice>252-808-2808</cntvoice><cntpos>GIS Analyst</cntpos><cntemail>ken.richardson@ncmail.net</cntemail></cntinfo></metc><metd Sync="TRUE">20090126</metd><metextns><onlink Sync="TRUE">http://www.esri.com/metadata/esriprof80.html</onlink><metprof Sync="TRUE">ESRI Metadata Profile</metprof></metextns></metainfo><mdLang><languageCode Sync="TRUE" value="en"></languageCode></mdLang><mdStanName Sync="TRUE">ISO 19115 Geographic Information - Metadata</mdStanName><mdStanVer Sync="TRUE">DIS_ESRI1.0</mdStanVer><mdChar><CharSetCd Sync="TRUE" value="004"></CharSetCd></mdChar><mdHrLv><ScopeCd Sync="TRUE" value="005"></ScopeCd></mdHrLv><mdHrLvName Sync="TRUE">dataset</mdHrLvName><distinfo><resdesc Sync="TRUE">Downloadable Data</resdesc><stdorder><digform><digtinfo><transize Sync="TRUE">0.013</transize><dssize Sync="TRUE">0.013</dssize></digtinfo></digform></stdorder><distrib><cntinfo><cntorgp><cntorg>NC DENR - Division of Coastal Management</cntorg><cntper>Ken Richardson</cntper></cntorgp><cntpos>GIS Analyst</cntpos><cntaddr><addrtype>mailing and physical address</addrtype><address>400 Commerce Ave</address><city>Morehead City</city><state>NC</state><postal>28557</postal><country>USA</country></cntaddr><cntvoice>252-808-2808</cntvoice><cntemail>ken.richardson@ncmail.net</cntemail></cntinfo></distrib></distinfo><spdoinfo><direct Sync="TRUE">Vector</direct><ptvctinf><esriterm Name="Proposed_IHA_01132009_poly"><efeatyp Sync="TRUE">Simple</efeatyp><efeageom Sync="TRUE">Polygon</efeageom><esritopo Sync="TRUE">FALSE</esritopo><efeacnt Sync="TRUE">22</efeacnt><spindex Sync="TRUE">TRUE</spindex><linrefer Sync="TRUE">FALSE</linrefer></esriterm><sdtsterm Name="Proposed_IHA_01132009_poly"><sdtstype Sync="TRUE">G-polygon</sdtstype><ptvctcnt Sync="TRUE">22</ptvctcnt></sdtsterm></ptvctinf></spdoinfo><spref><horizsys><cordsysn><geogcsn Sync="TRUE">GCS_North_American_1983</geogcsn><projcsn Sync="TRUE">NAD_1983_StatePlane_North_Carolina_FIPS_3200_Feet</projcsn></cordsysn><planar><planci><plance Sync="TRUE">coordinate pair</plance><plandu Sync="TRUE">survey feet</plandu><coordrep><absres Sync="TRUE">0.000000</absres><ordres Sync="TRUE">0.000000</ordres></coordrep></planci><mapproj><mapprojn Sync="TRUE">Lambert Conformal Conic</mapprojn><lambertc><stdparll Sync="TRUE">34.333333</stdparll><stdparll Sync="TRUE">36.166667</stdparll><longcm Sync="TRUE">-79.000000</longcm><latprjo Sync="TRUE">33.750000</latprjo><feast Sync="TRUE">2000000.002617</feast><fnorth Sync="TRUE">0.000000</fnorth></lambertc></mapproj></planar><geodetic><horizdn Sync="TRUE">North American Datum of 1983</horizdn><ellips Sync="TRUE">Geodetic Reference System 80</ellips><semiaxis Sync="TRUE">6378137.000000</semiaxis><denflat Sync="TRUE">298.257222</denflat></geodetic></horizsys><vertdef><altsys><altenc Sync="TRUE">Explicit elevation coordinate included with horizontal coordinates</altenc><altres Sync="TRUE">1.000000</altres></altsys></vertdef></spref><refSysInfo><RefSystem><refSysID><identCode Sync="TRUE">NAD_1983_StatePlane_North_Carolina_FIPS_3200_Feet</identCode></refSysID></RefSystem></refSysInfo><spatRepInfo><VectSpatRep><topLvl><TopoLevCd Sync="TRUE" value="001"></TopoLevCd></topLvl><geometObjs Name="Proposed_IHA_01132009_poly"><geoObjTyp><GeoObjTypCd Sync="TRUE" value="001"></GeoObjTypCd></geoObjTyp><geoObjCnt Sync="TRUE">22</geoObjCnt></geometObjs></VectSpatRep></spatRepInfo><eainfo><detailed Name="Proposed_IHA_01132009_poly"><enttyp><enttypl>Proposed Inlet Hazard Area (01/26/2009)</enttypl><enttypt Sync="TRUE">Feature Class</enttypt><enttypc Sync="TRUE">22</enttypc></enttyp><attr><attrlabl Sync="TRUE">FEATURE</attrlabl><attalias Sync="TRUE">FEATURE</attalias><attrtype Sync="TRUE">String</attrtype><attwidth Sync="TRUE">50</attwidth><atprecis Sync="TRUE">0</atprecis><attscale Sync="TRUE">0</attscale></attr><attr><attrlabl Sync="TRUE">STATUS</attrlabl><attalias Sync="TRUE">STATUS</attalias><attrtype Sync="TRUE">String</attrtype><attwidth Sync="TRUE">50</attwidth><atprecis Sync="TRUE">0</atprecis><attscale Sync="TRUE">0</attscale></attr><attr><attrlabl Sync="TRUE">GIS_ANALYS</attrlabl><attalias Sync="TRUE">GIS_ANALYS</attalias><attrtype Sync="TRUE">String</attrtype><attwidth Sync="TRUE">50</attwidth></attr><attr><attrlabl Sync="TRUE">GIS_DATE</attrlabl><attalias Sync="TRUE">GIS_DATE</attalias><attrtype Sync="TRUE">String</attrtype><attwidth Sync="TRUE">50</attwidth></attr><attr><attrlabl Sync="TRUE">INLET</attrlabl><attalias Sync="TRUE">INLET</attalias><attrtype Sync="TRUE">String</attrtype><attwidth Sync="TRUE">5</attwidth></attr><attr><attrlabl Sync="TRUE">Shape</attrlabl><attalias Sync="TRUE">Shape</attalias><attrtype Sync="TRUE">String</attrtype><attwidth Sync="TRUE">15</attwidth><attrdef Sync="TRUE">Feature geometry.</attrdef><attrdefs Sync="TRUE">ESRI</attrdefs><attrdomv><udom Sync="TRUE">Coordinates defining the features.</udom></attrdomv></attr><attr><attrlabl Sync="TRUE">FID</attrlabl><attalias Sync="TRUE">FID</attalias><attrtype Sync="TRUE">Date</attrtype><attwidth Sync="TRUE">8</attwidth><attrdef Sync="TRUE">Internal feature number.</attrdef><attrdefs Sync="TRUE">ESRI</attrdefs><attrdomv><udom Sync="TRUE">Sequential unique whole numbers that are automatically generated.</udom></attrdomv></attr><attr><attrlabl Sync="TRUE">SOURCE</attrlabl><attalias Sync="TRUE">SOURCE</attalias><attrtype Sync="TRUE">String</attrtype><attwidth Sync="TRUE">75</attwidth></attr></detailed></eainfo><mdDateSt Sync="TRUE">20090126</mdDateSt></metadata>
