<?xml version="1.0"?>
<!--<!DOCTYPE metadata SYSTEM "http://www.esri.com/metadata/esriprof80.dtd">-->
<metadata xml:lang="en"><Esri><MetaID>{5D8E18BA-5B46-4634-949D-7FF0C8FE3C71}</MetaID><CreaDate>20060419</CreaDate><CreaTime>15090300</CreaTime><SyncOnce>TRUE</SyncOnce><DataProperties><lineage><Process Name="Merge_2" ToolSource="C:\Program Files\ArcGIS\ArcToolbox\Toolboxes\Data Management Tools.tbx\Merge" Date="20060419" Time="150903">Merge 'Database Connections\COASTAL_HAZARDS.sde\COASTAL_HAZARDS.GISDATA.PROJECT_AEC_RICH\COASTAL_HAZARDS.GISDATA.Shoreline_1938_Photo_Rich';'Database Connections\COASTAL_HAZARDS.sde\COASTAL_HAZARDS.GISDATA.PROJECT_AEC_RICH\COASTAL_HAZARDS.GISDATA.Shoreline_1958_Photo_Rich';'Database Connections\COASTAL_HAZARDS.sde\COASTAL_HAZARDS.GISDATA.PROJECT_AEC_RICH\COASTAL_HAZARDS.GISDATA.Shoreline_1980_Photo_Rich';'Database Connections\COASTAL_HAZARDS.sde\COASTAL_HAZARDS.GISDATA.PROJECT_AEC_RICH\COASTAL_HAZARDS.GISDATA.Shoreline_1992_Photo_Rich';'Database Connections\COASTAL_HAZARDS.sde\COASTAL_HAZARDS.GISDATA.PROJECT_AEC_RICH\COASTAL_HAZARDS.GISDATA.Shoreline_1998_Photo_Rich';'Database Connections\COASTAL_HAZARDS.sde\COASTAL_HAZARDS.GISDATA.PROJECT_AEC_RICH\COASTAL_HAZARDS.GISDATA.Shoreline_2003_Photo_Rich' \\Gisnt7\d\ArcIMS\Website\ncshore\Data_Download\shorelines_rich_inlet.shp "FEATURE FEATURE true true false 50 Text 0 0 ,First,#,Database Connections\COASTAL_HAZARDS.sde\COASTAL_HAZARDS.GISDATA.PROJECT_AEC_RICH\COASTAL_HAZARDS.GISDATA.Shoreline_1938_Photo_Rich,FEATURE,-1,-1,Database Connections\COASTAL_HAZARDS.sde\COASTAL_HAZARDS.GISDATA.PROJECT_AEC_RICH\COASTAL_HAZARDS.GISDATA.Shoreline_1958_Photo_Rich,FEATURE,-1,-1,Database Connections\COASTAL_HAZARDS.sde\COASTAL_HAZARDS.GISDATA.PROJECT_AEC_RICH\COASTAL_HAZARDS.GISDATA.Shoreline_1980_Photo_Rich,FEATURE,-1,-1,Database Connections\COASTAL_HAZARDS.sde\COASTAL_HAZARDS.GISDATA.PROJECT_AEC_RICH\COASTAL_HAZARDS.GISDATA.Shoreline_1992_Photo_Rich,FEATURE,-1,-1,Database Connections\COASTAL_HAZARDS.sde\COASTAL_HAZARDS.GISDATA.PROJECT_AEC_RICH\COASTAL_HAZARDS.GISDATA.Shoreline_1998_Photo_Rich,FEATURE,-1,-1,Database Connections\COASTAL_HAZARDS.sde\COASTAL_HAZARDS.GISDATA.PROJECT_AEC_RICH\COASTAL_HAZARDS.GISDATA.Shoreline_2003_Photo_Rich,FEATURE,-1,-1;SOURCE SOURCE true true false 50 Text 0 0 ,First,#,Database Connections\COASTAL_HAZARDS.sde\COASTAL_HAZARDS.GISDATA.PROJECT_AEC_RICH\COASTAL_HAZARDS.GISDATA.Shoreline_1938_Photo_Rich,SOURCE,-1,-1,Database Connections\COASTAL_HAZARDS.sde\COASTAL_HAZARDS.GISDATA.PROJECT_AEC_RICH\COASTAL_HAZARDS.GISDATA.Shoreline_1958_Photo_Rich,SOURCE,-1,-1,Database Connections\COASTAL_HAZARDS.sde\COASTAL_HAZARDS.GISDATA.PROJECT_AEC_RICH\COASTAL_HAZARDS.GISDATA.Shoreline_1980_Photo_Rich,SOURCE,-1,-1,Database Connections\COASTAL_HAZARDS.sde\COASTAL_HAZARDS.GISDATA.PROJECT_AEC_RICH\COASTAL_HAZARDS.GISDATA.Shoreline_1992_Photo_Rich,SOURCE,-1,-1,Database Connections\COASTAL_HAZARDS.sde\COASTAL_HAZARDS.GISDATA.PROJECT_AEC_RICH\COASTAL_HAZARDS.GISDATA.Shoreline_1998_Photo_Rich,SOURCE,-1,-1,Database Connections\COASTAL_HAZARDS.sde\COASTAL_HAZARDS.GISDATA.PROJECT_AEC_RICH\COASTAL_HAZARDS.GISDATA.Shoreline_2003_Photo_Rich,SOURCE,-1,-1;SHR_DATE SHR_DATE true true false 36 Date 0 0 ,First,#,Database Connections\COASTAL_HAZARDS.sde\COASTAL_HAZARDS.GISDATA.PROJECT_AEC_RICH\COASTAL_HAZARDS.GISDATA.Shoreline_1938_Photo_Rich,SHR_DATE,-1,-1,Database Connections\COASTAL_HAZARDS.sde\COASTAL_HAZARDS.GISDATA.PROJECT_AEC_RICH\COASTAL_HAZARDS.GISDATA.Shoreline_1958_Photo_Rich,SHR_DATE,-1,-1,Database Connections\COASTAL_HAZARDS.sde\COASTAL_HAZARDS.GISDATA.PROJECT_AEC_RICH\COASTAL_HAZARDS.GISDATA.Shoreline_1980_Photo_Rich,SHR_DATE,-1,-1,Database Connections\COASTAL_HAZARDS.sde\COASTAL_HAZARDS.GISDATA.PROJECT_AEC_RICH\COASTAL_HAZARDS.GISDATA.Shoreline_1992_Photo_Rich,SHR_DATE,-1,-1,Database Connections\COASTAL_HAZARDS.sde\COASTAL_HAZARDS.GISDATA.PROJECT_AEC_RICH\COASTAL_HAZARDS.GISDATA.Shoreline_1998_Photo_Rich,SHR_DATE,-1,-1,Database Connections\COASTAL_HAZARDS.sde\COASTAL_HAZARDS.GISDATA.PROJECT_AEC_RICH\COASTAL_HAZARDS.GISDATA.Shoreline_2003_Photo_Rich,SHR_DATE,-1,-1;SHR_YEAR SHR_YEAR true true false 2 Short 0 5 ,First,#,Database Connections\COASTAL_HAZARDS.sde\COASTAL_HAZARDS.GISDATA.PROJECT_AEC_RICH\COASTAL_HAZARDS.GISDATA.Shoreline_1938_Photo_Rich,SHR_YEAR,-1,-1,Database Connections\COASTAL_HAZARDS.sde\COASTAL_HAZARDS.GISDATA.PROJECT_AEC_RICH\COASTAL_HAZARDS.GISDATA.Shoreline_1958_Photo_Rich,SHR_YEAR,-1,-1,Database Connections\COASTAL_HAZARDS.sde\COASTAL_HAZARDS.GISDATA.PROJECT_AEC_RICH\COASTAL_HAZARDS.GISDATA.Shoreline_1980_Photo_Rich,SHR_YEAR,-1,-1,Database Connections\COASTAL_HAZARDS.sde\COASTAL_HAZARDS.GISDATA.PROJECT_AEC_RICH\COASTAL_HAZARDS.GISDATA.Shoreline_1992_Photo_Rich,SHR_YEAR,-1,-1,Database Connections\COASTAL_HAZARDS.sde\COASTAL_HAZARDS.GISDATA.PROJECT_AEC_RICH\COASTAL_HAZARDS.GISDATA.Shoreline_1998_Photo_Rich,SHR_YEAR,-1,-1,Database Connections\COASTAL_HAZARDS.sde\COASTAL_HAZARDS.GISDATA.PROJECT_AEC_RICH\COASTAL_HAZARDS.GISDATA.Shoreline_2003_Photo_Rich,SHR_YEAR,-1,-1;SHAPE_len SHAPE_len false false true 0 Double 0 0 ,First,#,Database Connections\COASTAL_HAZARDS.sde\COASTAL_HAZARDS.GISDATA.PROJECT_AEC_RICH\COASTAL_HAZARDS.GISDATA.Shoreline_1938_Photo_Rich,SHAPE.len,-1,-1,Database Connections\COASTAL_HAZARDS.sde\COASTAL_HAZARDS.GISDATA.PROJECT_AEC_RICH\COASTAL_HAZARDS.GISDATA.Shoreline_1958_Photo_Rich,SHAPE.len,-1,-1,Database Connections\COASTAL_HAZARDS.sde\COASTAL_HAZARDS.GISDATA.PROJECT_AEC_RICH\COASTAL_HAZARDS.GISDATA.Shoreline_1980_Photo_Rich,SHAPE.len,-1,-1,Database Connections\COASTAL_HAZARDS.sde\COASTAL_HAZARDS.GISDATA.PROJECT_AEC_RICH\COASTAL_HAZARDS.GISDATA.Shoreline_1992_Photo_Rich,SHAPE.len,-1,-1,Database Connections\COASTAL_HAZARDS.sde\COASTAL_HAZARDS.GISDATA.PROJECT_AEC_RICH\COASTAL_HAZARDS.GISDATA.Shoreline_1998_Photo_Rich,SHAPE.len,-1,-1,Database Connections\COASTAL_HAZARDS.sde\COASTAL_HAZARDS.GISDATA.PROJECT_AEC_RICH\COASTAL_HAZARDS.GISDATA.Shoreline_2003_Photo_Rich,SHAPE.len,-1,-1;ID ID true true false 4 Long 0 10 ,First,#,Database Connections\COASTAL_HAZARDS.sde\COASTAL_HAZARDS.GISDATA.PROJECT_AEC_RICH\COASTAL_HAZARDS.GISDATA.Shoreline_1998_Photo_Rich,ID,-1,-1"</Process></lineage></DataProperties></Esri></metadata>
