<?xml version="1.0" encoding="iso-8859-1"?>
<metadata>
  <idinfo>
    <citation>
      <citeinfo>
        <origin>Department of Commerce (DOC), National Oceanic and Atmospheric Administration (NOAA), National Ocean Service (NOS), Coastal Services Center (CSC)
</origin>
        <pubdate>20021212
</pubdate>
        <title>Submerged Aquatic Vegetation of Bogue Sound, North Carolina 1992
</title>
        <edition>1.0
</edition>
        <geoform>Map
</geoform>
        <pubinfo>
          <pubplace>Charleston, SC
</pubplace>
          <publish>NOAA's Ocean Service, Coastal Services Center (CSC)
</publish>
        </pubinfo>
        <onlink>ftp://ftp.csc.noaa.gov/pub/benthic/nc_bs92.zip
</onlink>
        <onlink>http://www.csc.noaa.gov/benthic/data/southeast/bogue.htm
</onlink>
        <onlink>http://www.csc.noaa.gov/benthic/
</onlink>
        <onlink>http://www.csc.noaa.gov/
</onlink>
      </citeinfo>
    </citation>
    <descript>
      <abstract>During 1992, 1:20,000 scale aerial photography for Bogue Sound, North Carolina was collected as part of an effort to map submerged aquatic vegetation (SAV) in Coastal North Carolina. The imagery was collected following a strict set of guidelines as detailed in NOAA Coastal Change Analysis Program (C-CAP): Guidance for Regional Implementation (NOAA Technical Report NMFS 123 1995; see Chapter 4 online at www.csc.noaa.gov/crs/lca/methods.html). Photographs were taken at low tide and during times that the growth stage of the SAV allowed for clear identification. Care was taken to minimize the effects of turbidity, sun glint, wind, and haze on the photos. The imagery was scanned using a photogrammetric quality scanner (AGFA Horizon Plus) at a resolution of 600 dots per inch (dpi) resulting in a pixel resolution of 0.85 meters. Signature development took place during the summer of 2001. The images were orthorectified using ground control points selected from the state digital orthoquads and the National Imagery and Mapping Agency (NIMA) Digital Terrain Elevation Data (DTED(r)). The benthic data is classified according to the System for Classification of Habitats in Estuarine and Marine Environments (SCHEME).  This system is fully described in "Development of a System for Classification of Habitats in Estuarine and Marine Environments (SCHEME) for Florida, Report to U.S. EPA - Gulf of Mexico Program, Florida Fish and Wildlife Conservation Commission, Florida Marine Research Institute. Review Draft 12/04/02." The images were interpreted and digitized on screen using ArcGIS 8.2 and labeled using ArcView 3.2 and the Benthic Habitat Digitizer extension (developed by the NOS Biogeography Program). The data have not been assessed for thematic accuracy due to the large disparity between dates of image acquisition in 1992 and interpretation in 2002. The data was assessed for horizontal spatial accuracy and thematic agreement during the fall of 2002.
</abstract>
      <purpose>This data set was developed as a baseline of SAV data for Bogue Sound, North Carolina in 1992. The SAV data will be used as a baseline for future state SAV mapping projects.
</purpose>
    </descript>
    <timeperd>
      <timeinfo>
        <rngdates>
          <begdate>19920504
</begdate>
          <enddate>19920524
</enddate>
        </rngdates>
      </timeinfo>
      <current>Ground condition
</current>
    </timeperd>
    <status>
      <progress>Complete
</progress>
      <update>None planned
</update>
    </status>
    <spdom>
      <bounding>
        <westbc>-77.1686
</westbc>
        <eastbc>-76.5522
</eastbc>
        <northbc>34.7821
</northbc>
        <southbc>34.6384
</southbc>
      </bounding>
    </spdom>
    <keywords>
      <theme>
        <themekt>ISO 19115 Topic Category
</themekt>
        <themekey>biota
</themekey>
        <themekey>environment
</themekey>
      </theme>
      <theme>
        <themekt>None
</themekt>
        <themekey>Environmental Monitoring
</themekey>
        <themekey>submerged aquatic vegetation
</themekey>
        <themekey>SAV
</themekey>
        <themekey>seagrass
</themekey>
        <themekey>Zostera
</themekey>
        <themekey>Halodule
</themekey>
        <themekey>benthic
</themekey>
        <themekey>aerial photography
</themekey>
        <themekey>CSC Benthic Habitat Mapping
</themekey>
      </theme>
      <place>
        <placekt>None
</placekt>
        <placekey>North Carolina
</placekey>
        <placekey>NC
</placekey>
        <placekey>Bogue Sound
</placekey>
        <placekey>Carteret County
</placekey>
        <placekey>Onslow County
</placekey>
        <placekey>New River Inlet
</placekey>
      </place>
    </keywords>
    <accconst>None
</accconst>
    <useconst>Not for use in navigation.
</useconst>
    <ptcontac>
      <cntinfo>
        <cntorgp>
          <cntorg>NOAA Coastal Services Center
</cntorg>
          <cntper>CRS Program Manager
</cntper>
        </cntorgp>
        <cntaddr>
          <addrtype>mailing and physical
</addrtype>
          <address>2234 South Hobson Avenue
</address>
          <city>Charleston
</city>
          <state>SC
</state>
          <postal>29405
</postal>
          <country>USA
</country>
        </cntaddr>
        <cntvoice>843-740-1239
</cntvoice>
        <cntfax>843-740-1289
</cntfax>
        <cntemail>clearinghouse@noaa.gov
</cntemail>
        <hours>Monday - Friday, 8 a.m. - 5 p.m., Eastern Standard Time
</hours>
      </cntinfo>
    </ptcontac>
    <native>Arc/Info coverage format
</native>
  </idinfo>
  <dataqual>
    <attracc>
      <attraccr>A spatial accuracy assessment was conducted in the fall of 2002 using the National Standard for Spatial Data Accuracy (NSSDA) statistic. Due to the 10 years between image acquisition and interpretation, a rigorous thematic accuracy assessment would not be reliable.  However field visits indicated that of 33 SAV polygons mapped from the 1992 imagery, 30 had SAV present when visited in 2001 and 2002 (90% agreement).
</attraccr>
    </attracc>
    <logic>Unknown
</logic>
    <complete>Unknown
</complete>
    <posacc>
      <horizpa>
        <horizpar>This data set tested 11 meters horizontal accuracy at 95% confidence level using the NSSDA. Several factors may reduce the horizontal accuracy of the data. The imagery for Bogue Sound was rectified using ground control points (GCPs) selected from features from the state digital orthophoto quadrangles (DOQ). The DOQs had a 1-meter ground resolution at a scale of 1:12,000. During interpretation, offsets as great as 10-meters were noted between neighboring DOQs. In addition, no camera report was available for the imagery. The camera report would have helped account for distortions due the camera lens.
</horizpar>
      </horizpa>
      <vertacc>
        <vertaccr>A National Imagery and Mapping Agency (NIMA) Digital Terrain Elevation Data (DTED (r)) was used for vertical accuracy. The DTED is a level 1 coverage with a 77-meter pixel size.
</vertaccr>
      </vertacc>
    </posacc>
    <lineage>
      <srcinfo>
        <srccite>
          <citeinfo>
            <origin>NIMA
</origin>
            <pubdate>19960208
</pubdate>
            <title>National Imagery and Mapping Agency (NIMA) Digital Terrain Elevation Data (DTED (r)) Level 1 Coverage
</title>
            <edition>003
</edition>
            <geoform>map
</geoform>
            <pubinfo>
              <pubplace>Fairfax, VA
</pubplace>
              <publish>NIMA
</publish>
            </pubinfo>
            <lworkcit>
              <citeinfo>
                <origin>NIMA
</origin>
                <pubdate>19960208
</pubdate>
                <title>DTED130 Ed:003 CD-ROM
</title>
                <pubinfo>
                  <pubplace>Fairfax, VA
</pubplace>
                  <publish>NIMA
</publish>
                </pubinfo>
              </citeinfo>
            </lworkcit>
          </citeinfo>
        </srccite>
        <typesrc>CD-ROM
</typesrc>
        <srctime>
          <timeinfo>
            <rngdates>
              <begdate>19960208
</begdate>
              <enddate>19960208
</enddate>
            </rngdates>
          </timeinfo>
          <srccurr>Ground condition
</srccurr>
        </srctime>
        <srccitea>DTED
</srccitea>
        <srccontr>The DTED was used as the horizontal control during the orthorectification.
</srccontr>
      </srcinfo>
      <procstep>
        <procdesc>The 1992 imagery for Bogue Sound, NC was acquired from the NOS MapFinder Web site (http://mapfinder.nos.noaa.gov/). Signature development took place during the summer of 2001. Field observations were used to help the interpreter recognize and identify the benthic signatures and develop the classification scheme. The images were scanned using a photogrammetric quality scanner (AGFA Horizon Plus) at a resolution of 600 dots per inch (dpi) resulting in a pixel resolution of 0.85 meters. The digital images were orthorectified using ERDAS Imagine 8.5 Orthobase. No camera report was available for the 1992 imagery, so the default RC-20 Wild camera settings were used. Ground control points were selected from similar features on the 1999 North Carolina USGS standard digital orthophoto quadrangles (DOQ). The DOQs are compressed JPEG files at a scale of 1:12,000 with 1-meter resolution. They were purchased from the state of North Carolina in 2002. NIMA Digital Terrain Elevation Data (DTED) level 1 coverage with a 77-meter resolution were used for the vertical data reference. The orthorectified images were interpreted and digitized on screen using ArcGIS 8.2. The benthic data is classified according to the System for Classification of Habitats in Estuarine and Marine Environments (SCHEME).  This system is fully described in "Development of a System for Classification of Habitats in Estuarine and Marine Environments (SCHEME) for Florida, Report to U.S. EPA - Gulf of Mexico Program, Florida Fish and Wildlife Conservation Commission, Florida Marine Research Institute. Review Draft 12/04/02."  The data was labeled using ArcView 3.2 and the Benthic Habitat Digitizer extension (developed by the NOS Biogeography Program). The data have not been assessed for thematic accuracy due to the large disparity between dates of image acquisition in 1992 and interpretation in 2002. The data was assessed for spatial accuracy during the fall of 2002.  Sources used in this processing step were the DTED, Aerial Photos, and DOQs.</procdesc>
        <procdate>20020830
</procdate>
        <proccont>
          <cntinfo>
            <cntperp>
              <cntper>CRS Program Manager
</cntper>
              <cntorg>NOAA Coastal Services Center
</cntorg>
            </cntperp>
            <cntaddr>
              <addrtype>mailing and physical
</addrtype>
              <address>2234 South Hobson Avenue
</address>
              <city>Charleston
</city>
              <state>SC
</state>
              <postal>29405
</postal>
              <country>USA
</country>
            </cntaddr>
            <cntvoice>843-740-1239
</cntvoice>
            <cntfax>843-740-1289
</cntfax>
            <cntemail>clearinghouse@noaa.gov
</cntemail>
            <hours>Monday - Friday, 8 a.m. - 5 p.m., Eastern Standard Time
</hours>
          </cntinfo>
        </proccont>
      </procstep>
    </lineage>
  </dataqual>
  <spdoinfo>
    <direct>Vector
</direct>
    <ptvctinf>
      <sdtsterm>
        <sdtstype>GT-polygon composed of chains
</sdtstype>
        <ptvctcnt>1156
</ptvctcnt>
      </sdtsterm>
    </ptvctinf>
  </spdoinfo>
  <spref>
    <horizsys>
      <planar>
        <gridsys>
          <gridsysn>Universal Transverse Mercator
</gridsysn>
          <utm>
            <utmzone>18
</utmzone>
            <transmer>
              <sfctrmer>0.999600
</sfctrmer>
              <longcm>-75.000000
</longcm>
              <latprjo>0.000000
</latprjo>
              <feast>500000.000000
</feast>
              <fnorth>0.000000
</fnorth>
            </transmer>
          </utm>
        </gridsys>
        <planci>
          <plance>coordinate pair
</plance>
          <coordrep>
            <absres>0.0000001
</absres>
            <ordres>0.0000001
</ordres>
          </coordrep>
          <plandu>Meters
</plandu>
        </planci>
      </planar>
      <geodetic>
        <horizdn>North American Datum of 1983
</horizdn>
        <ellips>GRS 80
</ellips>
        <semiaxis>6378137.0000000
</semiaxis>
        <denflat>298.26
</denflat>
      </geodetic>
    </horizsys>
  </spref>
  <eainfo>
    <detailed>
      <enttyp>
        <enttypl>bogue.pat
</enttypl>
        <enttypd>Polygon Attribute Table
</enttypd>
        <enttypds>None
</enttypds>
      </enttyp>
      <attr>
        <attrlabl>Area
</attrlabl>
        <attrdef>Area of polygon
</attrdef>
        <attrdefs>Software generated
</attrdefs>
        <attrdomv>
          <udom>Software computed
</udom>
        </attrdomv>
      </attr>
      <attr>
        <attrlabl>Perimeter
</attrlabl>
        <attrdef>Perimeter of polygon
</attrdef>
        <attrdefs>Software generated
</attrdefs>
        <attrdomv>
          <udom>Software computed
</udom>
        </attrdomv>
      </attr>
      <attr>
        <attrlabl>Bogue#
</attrlabl>
        <attrdef>Internal feature number
</attrdef>
        <attrdefs>Software generated
</attrdefs>
        <attrdomv>
          <udom>Software computed
</udom>
        </attrdomv>
      </attr>
      <attr>
        <attrlabl>Bogue-id
</attrlabl>
        <attrdef>Feature identification number
</attrdef>
        <attrdefs>Software generated
</attrdefs>
        <attrdomv>
          <udom>User Defined
</udom>
        </attrdomv>
      </attr>
      <attr>
        <attrlabl>Uniqueid
</attrlabl>
        <attrdef>Uniqueid captures the classification of the habitat polygons.
</attrdef>
        <attrdefs>Unknown
</attrdefs>
        <attrdomv>
          <rdom>
            <rdommin>Unknown
</rdommin>
            <rdommax>Unknown
</rdommax>
          </rdom>
        </attrdomv>
      </attr>
      <attr>
        <attrlabl>Scheme_#
</attrlabl>
        <attrdef>Habitats are given a numeric code following the benthic mapping SCHEME: Class 211 is for continuous submersed rooted vascular plant (SRV), Class 212 is discontinuous SRV, Class 221 is for attached macroalge, and Class 1 is for unconsolidated sediments (within an SAV polygon).
</attrdef>
        <attrdefs>Unknown
</attrdefs>
        <attrdomv>
          <edom>
            <edomv>211
</edomv>
            <edomvd>continuous submersed rooted vascular plant (SRV)
</edomvd>
            <edomvds>SCHEME
</edomvds>
          </edom>
        </attrdomv>
        <attrdomv>
          <edom>
            <edomv>212
</edomv>
            <edomvd>discontinuous SRV
</edomvd>
            <edomvds>SCHEME
</edomvds>
          </edom>
        </attrdomv>
        <attrdomv>
          <edom>
            <edomv>221
</edomv>
            <edomvd>attached macroalge
</edomvd>
            <edomvds>SCHEME
</edomvds>
          </edom>
        </attrdomv>
        <attrdomv>
          <edom>
            <edomv>1
</edomv>
            <edomvd>unconsolidated sediments (within an SAV polygon)
</edomvd>
            <edomvds>SCHEME
</edomvds>
          </edom>
        </attrdomv>
      </attr>
      <attr>
        <attrlabl>Class
</attrlabl>
        <attrdef>Habitats are classified as submersed aquatic vegetation or unconsolidated sediments (within an SAV polygon).
</attrdef>
        <attrdefs>Unknown
</attrdefs>
        <attrdomv>
          <udom>Character Field
</udom>
        </attrdomv>
      </attr>
      <attr>
        <attrlabl>Subclass1
</attrlabl>
        <attrdef>Submersed aquatic vegetation are classified as either submersed rooted vascular plant or macroalgae.
</attrdef>
        <attrdefs>Unknown
</attrdefs>
        <attrdomv>
          <udom>Character Field
</udom>
        </attrdomv>
      </attr>
      <attr>
        <attrlabl>Subclass2
</attrlabl>
        <attrdef>Submersed rooted vascular plants are classified as either continuous SRV or discontinuous SRV.  Macroalgae are classified as attached macroalgae.
</attrdef>
        <attrdefs>Unknown
</attrdefs>
        <attrdomv>
          <udom>Character Field
</udom>
        </attrdomv>
      </attr>
    </detailed>
  </eainfo>
  <distinfo>
    <distrib>
      <cntinfo>
        <cntorgp>
          <cntorg>NOAA Coastal Services Center
</cntorg>
        </cntorgp>
        <cntpos>Clearinghouse Manager
</cntpos>
        <cntaddr>
          <addrtype>mailing and physical
</addrtype>
          <address>2234 South Hobson Avenue
</address>
          <city>Charleston
</city>
          <state>SC
</state>
          <postal>29405
</postal>
          <country>USA
</country>
        </cntaddr>
        <cntvoice>843-740-1210
</cntvoice>
        <cntfax>843-740-1289
</cntfax>
        <cntemail>clearinghouse@noaa.gov
</cntemail>
        <hours>Monday - Friday, 8 a.m. - 5 p.m., Eastern Standard Time
</hours>
      </cntinfo>
    </distrib>
    <resdesc>Downloadable Data
</resdesc>
    <distliab>While every effort has been made to ensure that these data are accurate and reliable within limits of the state of the art, NOAA will not assume any liability for damages caused by any inaccuracies in these data, or failure in their use.
</distliab>
  </distinfo>
  <metainfo>
    <metd>20100519
</metd>
    <metc>
      <cntinfo>
        <cntorgp>
          <cntorg>NOAA Coastal Services Center
</cntorg>
        </cntorgp>
        <cntpos>Metadata Specialist
</cntpos>
        <cntaddr>
          <addrtype>mailing and physical
</addrtype>
          <address>2234 South Hobson Avenue
</address>
          <city>Charleston
</city>
          <state>SC
</state>
          <postal>29405
</postal>
          <country>USA
</country>
        </cntaddr>
        <cntvoice>843-740-1200
</cntvoice>
        <cntfax>843-740-1224
</cntfax>
        <cntemail>clearinghouse@noaa.gov
</cntemail>
        <hours>Monday - Friday, 8 a.m. - 5 p.m., Eastern Standard Time
</hours>
      </cntinfo>
    </metc>
    <metstdn>FGDC Content Standard for Digital Geospatial Metadata
</metstdn>
    <metstdv>FGDC-STD-001-1998
</metstdv>
    <metextns>
      <onlink>http://www.ncddc.noaa.gov/metadataresource/metadata-references/files/ncddcmdprofile_v2.pdf
</onlink>
      <metprof>Content Specification for Metadata in the National Coastal Data Development Center's Data Catalog Version 2.0
</metprof>
    </metextns>
  </metainfo>
</metadata>