<?xml version="1.0"?>
<!--<!DOCTYPE metadata SYSTEM "http://www.esri.com/metadata/esriprof80.dtd">-->
<metadata xml:lang="en"><Esri><MetaID>{F11F60D4-742E-4D4F-8B93-521B793DB860}</MetaID><CreaDate>20060419</CreaDate><CreaTime>10202700</CreaTime><SyncOnce>TRUE</SyncOnce><DataProperties><lineage><Process ToolSource="C:\Program Files\ArcGIS\ArcToolbox\Toolboxes\Data Management Tools.tbx\Merge" Date="20060419" Time="102027">Merge 'Database Connections\COASTAL_HAZARDS.sde\COASTAL_HAZARDS.GISDATA.PROJECT_AEC_BOGUE\COASTAL_HAZARDS.GISDATA.Shoreline_1938_Photo_Bogue';'Database Connections\COASTAL_HAZARDS.sde\COASTAL_HAZARDS.GISDATA.PROJECT_AEC_BOGUE\COASTAL_HAZARDS.GISDATA.Shoreline_1949_MHW_Bogue';'Database Connections\COASTAL_HAZARDS.sde\COASTAL_HAZARDS.GISDATA.PROJECT_AEC_BOGUE\COASTAL_HAZARDS.GISDATA.Shoreline_1949_Photo_Bogue';'Database Connections\COASTAL_HAZARDS.sde\COASTAL_HAZARDS.GISDATA.PROJECT_AEC_BOGUE\COASTAL_HAZARDS.GISDATA.Shoreline_1956_Photo_Bogue';'Database Connections\COASTAL_HAZARDS.sde\COASTAL_HAZARDS.GISDATA.PROJECT_AEC_BOGUE\COASTAL_HAZARDS.GISDATA.Shoreline_1958_Photo_Bogue';'Database Connections\COASTAL_HAZARDS.sde\COASTAL_HAZARDS.GISDATA.PROJECT_AEC_BOGUE\COASTAL_HAZARDS.GISDATA.Shoreline_1960_Photo_Bogue';'Database Connections\COASTAL_HAZARDS.sde\COASTAL_HAZARDS.GISDATA.PROJECT_AEC_BOGUE\COASTAL_HAZARDS.GISDATA.Shoreline_1971_Photo_Bogue';'Database Connections\COASTAL_HAZARDS.sde\COASTAL_HAZARDS.GISDATA.PROJECT_AEC_BOGUE\COASTAL_HAZARDS.GISDATA.Shoreline_1976_Photo_Bogue';'Database Connections\COASTAL_HAZARDS.sde\COASTAL_HAZARDS.GISDATA.PROJECT_AEC_BOGUE\COASTAL_HAZARDS.GISDATA.Shoreline_1987_Photo_Bogue';'Database Connections\COASTAL_HAZARDS.sde\COASTAL_HAZARDS.GISDATA.PROJECT_AEC_BOGUE\COASTAL_HAZARDS.GISDATA.Shoreline_1992_Photo_Bogue';'Database Connections\COASTAL_HAZARDS.sde\COASTAL_HAZARDS.GISDATA.PROJECT_AEC_BOGUE\COASTAL_HAZARDS.GISDATA.Shoreline_1998_Photo_Bogue';'Database Connections\COASTAL_HAZARDS.sde\COASTAL_HAZARDS.GISDATA.PROJECT_AEC_BOGUE\COASTAL_HAZARDS.GISDATA.Shoreline_2003_Photo_Bogue' \\Gisnt7\d\ArcIMS\Website\ncshore\Data_Download\Bogue_Inlet_Shorelines.shp "SHR_DATE SHR_DATE true true false 36 Date 0 0 ,First,#,Database Connections\COASTAL_HAZARDS.sde\COASTAL_HAZARDS.GISDATA.PROJECT_AEC_BOGUE\COASTAL_HAZARDS.GISDATA.Shoreline_1938_Photo_Bogue,SHR_DATE,-1,-1,Database Connections\COASTAL_HAZARDS.sde\COASTAL_HAZARDS.GISDATA.PROJECT_AEC_BOGUE\COASTAL_HAZARDS.GISDATA.Shoreline_1949_MHW_Bogue,SHR_DATE,-1,-1,Database Connections\COASTAL_HAZARDS.sde\COASTAL_HAZARDS.GISDATA.PROJECT_AEC_BOGUE\COASTAL_HAZARDS.GISDATA.Shoreline_1949_Photo_Bogue,SHR_DATE,-1,-1,Database Connections\COASTAL_HAZARDS.sde\COASTAL_HAZARDS.GISDATA.PROJECT_AEC_BOGUE\COASTAL_HAZARDS.GISDATA.Shoreline_1956_Photo_Bogue,SHR_DATE,-1,-1,Database Connections\COASTAL_HAZARDS.sde\COASTAL_HAZARDS.GISDATA.PROJECT_AEC_BOGUE\COASTAL_HAZARDS.GISDATA.Shoreline_1958_Photo_Bogue,SHR_DATE,-1,-1,Database Connections\COASTAL_HAZARDS.sde\COASTAL_HAZARDS.GISDATA.PROJECT_AEC_BOGUE\COASTAL_HAZARDS.GISDATA.Shoreline_1960_Photo_Bogue,SHR_DATE,-1,-1,Database Connections\COASTAL_HAZARDS.sde\COASTAL_HAZARDS.GISDATA.PROJECT_AEC_BOGUE\COASTAL_HAZARDS.GISDATA.Shoreline_1971_Photo_Bogue,SHR_DATE,-1,-1,Database Connections\COASTAL_HAZARDS.sde\COASTAL_HAZARDS.GISDATA.PROJECT_AEC_BOGUE\COASTAL_HAZARDS.GISDATA.Shoreline_1976_Photo_Bogue,SHR_DATE,-1,-1,Database Connections\COASTAL_HAZARDS.sde\COASTAL_HAZARDS.GISDATA.PROJECT_AEC_BOGUE\COASTAL_HAZARDS.GISDATA.Shoreline_1987_Photo_Bogue,SHR_DATE,-1,-1,Database Connections\COASTAL_HAZARDS.sde\COASTAL_HAZARDS.GISDATA.PROJECT_AEC_BOGUE\COASTAL_HAZARDS.GISDATA.Shoreline_1992_Photo_Bogue,SHR_DATE,-1,-1,Database Connections\COASTAL_HAZARDS.sde\COASTAL_HAZARDS.GISDATA.PROJECT_AEC_BOGUE\COASTAL_HAZARDS.GISDATA.Shoreline_1998_Photo_Bogue,SHR_DATE,-1,-1,Database Connections\COASTAL_HAZARDS.sde\COASTAL_HAZARDS.GISDATA.PROJECT_AEC_BOGUE\COASTAL_HAZARDS.GISDATA.Shoreline_2003_Photo_Bogue,SHR_DATE,-1,-1;FEATURE FEATURE true true false 20 Text 0 0 ,First,#,Database Connections\COASTAL_HAZARDS.sde\COASTAL_HAZARDS.GISDATA.PROJECT_AEC_BOGUE\COASTAL_HAZARDS.GISDATA.Shoreline_1938_Photo_Bogue,FEATURE,-1,-1,Database Connections\COASTAL_HAZARDS.sde\COASTAL_HAZARDS.GISDATA.PROJECT_AEC_BOGUE\COASTAL_HAZARDS.GISDATA.Shoreline_1949_MHW_Bogue,FEATURE,-1,-1,Database Connections\COASTAL_HAZARDS.sde\COASTAL_HAZARDS.GISDATA.PROJECT_AEC_BOGUE\COASTAL_HAZARDS.GISDATA.Shoreline_1949_Photo_Bogue,FEATURE,-1,-1,Database Connections\COASTAL_HAZARDS.sde\COASTAL_HAZARDS.GISDATA.PROJECT_AEC_BOGUE\COASTAL_HAZARDS.GISDATA.Shoreline_1956_Photo_Bogue,FEATURE,-1,-1,Database Connections\COASTAL_HAZARDS.sde\COASTAL_HAZARDS.GISDATA.PROJECT_AEC_BOGUE\COASTAL_HAZARDS.GISDATA.Shoreline_1958_Photo_Bogue,FEATURE,-1,-1,Database Connections\COASTAL_HAZARDS.sde\COASTAL_HAZARDS.GISDATA.PROJECT_AEC_BOGUE\COASTAL_HAZARDS.GISDATA.Shoreline_1960_Photo_Bogue,FEATURE,-1,-1,Database Connections\COASTAL_HAZARDS.sde\COASTAL_HAZARDS.GISDATA.PROJECT_AEC_BOGUE\COASTAL_HAZARDS.GISDATA.Shoreline_1971_Photo_Bogue,FEATURE,-1,-1,Database Connections\COASTAL_HAZARDS.sde\COASTAL_HAZARDS.GISDATA.PROJECT_AEC_BOGUE\COASTAL_HAZARDS.GISDATA.Shoreline_1976_Photo_Bogue,FEATURE,-1,-1,Database Connections\COASTAL_HAZARDS.sde\COASTAL_HAZARDS.GISDATA.PROJECT_AEC_BOGUE\COASTAL_HAZARDS.GISDATA.Shoreline_1987_Photo_Bogue,FEATURE,-1,-1,Database Connections\COASTAL_HAZARDS.sde\COASTAL_HAZARDS.GISDATA.PROJECT_AEC_BOGUE\COASTAL_HAZARDS.GISDATA.Shoreline_1992_Photo_Bogue,FEATURE,-1,-1,Database Connections\COASTAL_HAZARDS.sde\COASTAL_HAZARDS.GISDATA.PROJECT_AEC_BOGUE\COASTAL_HAZARDS.GISDATA.Shoreline_1998_Photo_Bogue,FEATURE,-1,-1,Database Connections\COASTAL_HAZARDS.sde\COASTAL_HAZARDS.GISDATA.PROJECT_AEC_BOGUE\COASTAL_HAZARDS.GISDATA.Shoreline_2003_Photo_Bogue,FEATURE,-1,-1;SOURCE SOURCE true true false 30 Text 0 0 ,First,#,Database Connections\COASTAL_HAZARDS.sde\COASTAL_HAZARDS.GISDATA.PROJECT_AEC_BOGUE\COASTAL_HAZARDS.GISDATA.Shoreline_1938_Photo_Bogue,SOURCE,-1,-1,Database Connections\COASTAL_HAZARDS.sde\COASTAL_HAZARDS.GISDATA.PROJECT_AEC_BOGUE\COASTAL_HAZARDS.GISDATA.Shoreline_1949_MHW_Bogue,SOURCE,-1,-1,Database Connections\COASTAL_HAZARDS.sde\COASTAL_HAZARDS.GISDATA.PROJECT_AEC_BOGUE\COASTAL_HAZARDS.GISDATA.Shoreline_1949_Photo_Bogue,SOURCE,-1,-1,Database Connections\COASTAL_HAZARDS.sde\COASTAL_HAZARDS.GISDATA.PROJECT_AEC_BOGUE\COASTAL_HAZARDS.GISDATA.Shoreline_1956_Photo_Bogue,SOURCE,-1,-1,Database Connections\COASTAL_HAZARDS.sde\COASTAL_HAZARDS.GISDATA.PROJECT_AEC_BOGUE\COASTAL_HAZARDS.GISDATA.Shoreline_1958_Photo_Bogue,SOURCE,-1,-1,Database Connections\COASTAL_HAZARDS.sde\COASTAL_HAZARDS.GISDATA.PROJECT_AEC_BOGUE\COASTAL_HAZARDS.GISDATA.Shoreline_1960_Photo_Bogue,SOURCE,-1,-1,Database Connections\COASTAL_HAZARDS.sde\COASTAL_HAZARDS.GISDATA.PROJECT_AEC_BOGUE\COASTAL_HAZARDS.GISDATA.Shoreline_1971_Photo_Bogue,SOURCE,-1,-1,Database Connections\COASTAL_HAZARDS.sde\COASTAL_HAZARDS.GISDATA.PROJECT_AEC_BOGUE\COASTAL_HAZARDS.GISDATA.Shoreline_1976_Photo_Bogue,SOURCE,-1,-1,Database Connections\COASTAL_HAZARDS.sde\COASTAL_HAZARDS.GISDATA.PROJECT_AEC_BOGUE\COASTAL_HAZARDS.GISDATA.Shoreline_1987_Photo_Bogue,SOURCE,-1,-1,Database Connections\COASTAL_HAZARDS.sde\COASTAL_HAZARDS.GISDATA.PROJECT_AEC_BOGUE\COASTAL_HAZARDS.GISDATA.Shoreline_1992_Photo_Bogue,SOURCE,-1,-1,Database Connections\COASTAL_HAZARDS.sde\COASTAL_HAZARDS.GISDATA.PROJECT_AEC_BOGUE\COASTAL_HAZARDS.GISDATA.Shoreline_1998_Photo_Bogue,SOURCE,-1,-1,Database Connections\COASTAL_HAZARDS.sde\COASTAL_HAZARDS.GISDATA.PROJECT_AEC_BOGUE\COASTAL_HAZARDS.GISDATA.Shoreline_2003_Photo_Bogue,SOURCE,-1,-1;SHR_YEAR SHR_YEAR true true false 2 Short 0 5 ,First,#,Database Connections\COASTAL_HAZARDS.sde\COASTAL_HAZARDS.GISDATA.PROJECT_AEC_BOGUE\COASTAL_HAZARDS.GISDATA.Shoreline_1938_Photo_Bogue,SHR_YEAR,-1,-1,Database Connections\COASTAL_HAZARDS.sde\COASTAL_HAZARDS.GISDATA.PROJECT_AEC_BOGUE\COASTAL_HAZARDS.GISDATA.Shoreline_1949_MHW_Bogue,SHR_YEAR,-1,-1,Database Connections\COASTAL_HAZARDS.sde\COASTAL_HAZARDS.GISDATA.PROJECT_AEC_BOGUE\COASTAL_HAZARDS.GISDATA.Shoreline_1949_Photo_Bogue,SHR_YEAR,-1,-1,Database Connections\COASTAL_HAZARDS.sde\COASTAL_HAZARDS.GISDATA.PROJECT_AEC_BOGUE\COASTAL_HAZARDS.GISDATA.Shoreline_1956_Photo_Bogue,SHR_YEAR,-1,-1,Database Connections\COASTAL_HAZARDS.sde\COASTAL_HAZARDS.GISDATA.PROJECT_AEC_BOGUE\COASTAL_HAZARDS.GISDATA.Shoreline_1958_Photo_Bogue,SHR_YEAR,-1,-1,Database Connections\COASTAL_HAZARDS.sde\COASTAL_HAZARDS.GISDATA.PROJECT_AEC_BOGUE\COASTAL_HAZARDS.GISDATA.Shoreline_1960_Photo_Bogue,SHR_YEAR,-1,-1,Database Connections\COASTAL_HAZARDS.sde\COASTAL_HAZARDS.GISDATA.PROJECT_AEC_BOGUE\COASTAL_HAZARDS.GISDATA.Shoreline_1971_Photo_Bogue,SHR_YEAR,-1,-1,Database Connections\COASTAL_HAZARDS.sde\COASTAL_HAZARDS.GISDATA.PROJECT_AEC_BOGUE\COASTAL_HAZARDS.GISDATA.Shoreline_1976_Photo_Bogue,SHR_YEAR,-1,-1,Database Connections\COASTAL_HAZARDS.sde\COASTAL_HAZARDS.GISDATA.PROJECT_AEC_BOGUE\COASTAL_HAZARDS.GISDATA.Shoreline_1987_Photo_Bogue,SHR_YEAR,-1,-1,Database Connections\COASTAL_HAZARDS.sde\COASTAL_HAZARDS.GISDATA.PROJECT_AEC_BOGUE\COASTAL_HAZARDS.GISDATA.Shoreline_1992_Photo_Bogue,SHR_YEAR,-1,-1,Database Connections\COASTAL_HAZARDS.sde\COASTAL_HAZARDS.GISDATA.PROJECT_AEC_BOGUE\COASTAL_HAZARDS.GISDATA.Shoreline_1998_Photo_Bogue,SHR_YEAR,-1,-1,Database Connections\COASTAL_HAZARDS.sde\COASTAL_HAZARDS.GISDATA.PROJECT_AEC_BOGUE\COASTAL_HAZARDS.GISDATA.Shoreline_2003_Photo_Bogue,SHR_YEAR,-1,-1;SHAPE_len SHAPE_len false false true 0 Double 0 0 ,First,#,Database Connections\COASTAL_HAZARDS.sde\COASTAL_HAZARDS.GISDATA.PROJECT_AEC_BOGUE\COASTAL_HAZARDS.GISDATA.Shoreline_1938_Photo_Bogue,SHAPE.len,-1,-1,Database Connections\COASTAL_HAZARDS.sde\COASTAL_HAZARDS.GISDATA.PROJECT_AEC_BOGUE\COASTAL_HAZARDS.GISDATA.Shoreline_1949_MHW_Bogue,SHAPE.len,-1,-1,Database Connections\COASTAL_HAZARDS.sde\COASTAL_HAZARDS.GISDATA.PROJECT_AEC_BOGUE\COASTAL_HAZARDS.GISDATA.Shoreline_1949_Photo_Bogue,SHAPE.len,-1,-1,Database Connections\COASTAL_HAZARDS.sde\COASTAL_HAZARDS.GISDATA.PROJECT_AEC_BOGUE\COASTAL_HAZARDS.GISDATA.Shoreline_1956_Photo_Bogue,SHAPE.len,-1,-1,Database Connections\COASTAL_HAZARDS.sde\COASTAL_HAZARDS.GISDATA.PROJECT_AEC_BOGUE\COASTAL_HAZARDS.GISDATA.Shoreline_1958_Photo_Bogue,SHAPE.len,-1,-1,Database Connections\COASTAL_HAZARDS.sde\COASTAL_HAZARDS.GISDATA.PROJECT_AEC_BOGUE\COASTAL_HAZARDS.GISDATA.Shoreline_1960_Photo_Bogue,SHAPE.len,-1,-1,Database Connections\COASTAL_HAZARDS.sde\COASTAL_HAZARDS.GISDATA.PROJECT_AEC_BOGUE\COASTAL_HAZARDS.GISDATA.Shoreline_1971_Photo_Bogue,SHAPE.len,-1,-1,Database Connections\COASTAL_HAZARDS.sde\COASTAL_HAZARDS.GISDATA.PROJECT_AEC_BOGUE\COASTAL_HAZARDS.GISDATA.Shoreline_1976_Photo_Bogue,SHAPE.len,-1,-1,Database Connections\COASTAL_HAZARDS.sde\COASTAL_HAZARDS.GISDATA.PROJECT_AEC_BOGUE\COASTAL_HAZARDS.GISDATA.Shoreline_1987_Photo_Bogue,SHAPE.len,-1,-1,Database Connections\COASTAL_HAZARDS.sde\COASTAL_HAZARDS.GISDATA.PROJECT_AEC_BOGUE\COASTAL_HAZARDS.GISDATA.Shoreline_1992_Photo_Bogue,SHAPE.len,-1,-1,Database Connections\COASTAL_HAZARDS.sde\COASTAL_HAZARDS.GISDATA.PROJECT_AEC_BOGUE\COASTAL_HAZARDS.GISDATA.Shoreline_1998_Photo_Bogue,SHAPE.len,-1,-1,Database Connections\COASTAL_HAZARDS.sde\COASTAL_HAZARDS.GISDATA.PROJECT_AEC_BOGUE\COASTAL_HAZARDS.GISDATA.Shoreline_2003_Photo_Bogue,SHAPE.len,-1,-1;ID ID true true false 4 Long 0 10 ,First,#,Database Connections\COASTAL_HAZARDS.sde\COASTAL_HAZARDS.GISDATA.PROJECT_AEC_BOGUE\COASTAL_HAZARDS.GISDATA.Shoreline_1998_Photo_Bogue,ID,-1,-1"</Process></lineage></DataProperties></Esri></metadata>
