<?xml version="1.0" encoding="ISO-8859-1"?>
<metadata>
	<idinfo>
		<citation>
			<citeinfo>
				<origin>Robert Morton</origin>
				<origin>Tara Miller</origin>
				<pubdate>2005</pubdate>
				<title>Vectorized Shoreline of North Carolina Atlantic Coast Derived from 1970-1988 Source Data</title>
				<geoform Sync="TRUE">vector digital data</geoform>
				<serinfo>
					<sername>Open-File Report</sername>
					<issue>2005-1326</issue>
				</serinfo>
				<pubinfo>
					<pubplace>U.S. Geological Survey, Center for Coastal and Watershed Studies, St. Petersburg, FL</pubplace>
					<publish>U.S. Geological Survey, Coastal and Marine Geology Program</publish>
				</pubinfo>
				<onlink>http://pubs.usgs.gov/of/2005/1326/</onlink>
				<lworkcit>
					<citeinfo>
						<origin>Robert Morton</origin>
						<origin>Tara Miller</origin>
						<pubdate>2005</pubdate>
						<title>National Assessment of Shoreline Change: Part 2, Historical Shoreline Changes and Associated Coastal Land Loss Along the U.S. Southeast Atlantic Coast</title>
						<serinfo>
							<sername>Open-File Report</sername>
							<issue>2005-1401</issue>
						</serinfo>
						<pubinfo>
							<pubplace>U.S. Geological Survey, Center for Coastal and Watershed Studies</pubplace>
							<publish>U.S. Geological Survey, Coastal and Marine Geology Program</publish>
						</pubinfo>
						<onlink>http://pubs.usgs.gov/of/2005/1401/</onlink><onlink>http://coastal.er.usgs.gov/shoreline-change/</onlink></citeinfo>
				</lworkcit>
				<ftname Sync="TRUE">nc1970_1988</ftname></citeinfo>
		</citation>
		<descript>
			<abstract>There are critical needs for a nationwide compilation of reliable shoreline data.  To meet these needs, the USGS has produced a comprehensive database of digital vector shorelines by compiling shoreline positions from pre-existing historical shoreline databases and by generating historical and modern shoreline data.  Shorelines are compiled by state and generally correspond to one of four time periods: 1800s, 1920s-1930s, 1970s, and 1997-2002.  Each shoreline may represent a compilation of data from one or more sources for one or more dates provided by one or more agencies.  Details regarding source are provided in the 'Data Quality Information' section of this metadata report.  Shoreline vectors derived from historic sources (first three time periods) represent the high water line at the time of the survey, whereas modern shorelines (final time period) represent the mean high water line.</abstract>
			<purpose>Historical shoreline change is considered to be a crucial element in studying the vulnerability of the national shoreline.  These data are used in a shoreline change analysis for the USGS National Assessment Project.</purpose>
			<langdata Sync="TRUE">en</langdata></descript>
		<timeperd>
			<timeinfo>
				<rngdates>
					<begdate>1970</begdate>
					<enddate>1988</enddate>
				</rngdates>
			</timeinfo>
			<current>ground condition</current>
		</timeperd>
		<status>
			<progress>Complete</progress>
			<update>None planned</update>
		</status>
		<spdom>
			<bounding>
				<westbc Sync="TRUE">-78.544105</westbc>
				<eastbc Sync="TRUE">-75.459977</eastbc>
				<northbc Sync="TRUE">36.550598</northbc>
				<southbc Sync="TRUE">33.841335</southbc>
			</bounding>
			<lboundng><leftbc Sync="TRUE">-78.544105</leftbc><rightbc Sync="TRUE">-75.459977</rightbc><bottombc Sync="TRUE">33.841335</bottombc><topbc Sync="TRUE">36.550598</topbc></lboundng></spdom>
		<keywords>
			<theme>
				<themekt>General</themekt>
				<themekey>Shoreline</themekey>
				<themekey>Historic Shoreline</themekey>
				<themekey>Shoreline Change Rate</themekey>
				<themekey>Linear Regression Rate</themekey>
				<themekey>Endpoint Rate</themekey>
				<themekey>Baseline</themekey>
				<themekey>Beach Erosion</themekey><themekey>Beach Nourishment</themekey><themekey>LIDAR</themekey><themekey>T-sheet</themekey><themekey>Tp-sheet</themekey><themekey>Coastal Survey Map</themekey></theme>
			<place>
				<placekey>United States</placekey>
				<placekey>Atlantic</placekey>
				<placekey>North Carolina</placekey>
				<placekt>General</placekt></place>
		</keywords>
		<accconst>None</accconst>
		<useconst>
This data set is not to be used for navigational purposes.

Public domain data from the U.S. government are freely redistributable with proper metadata and source attribution.  Please recognize the U.S. Geological Survey (USGS) as the source of this information.
</useconst>
		<ptcontac>
			<cntinfo>
				<cntorgp>
					<cntorg>U.S. Geological Survey, Center for Coastal and Watershed Studies</cntorg>
				</cntorgp>
				<cntaddr>
					<addrtype>mailing and physical address</addrtype>
					<address>600 4th Street South</address>
					<city>St. Petersburg</city>
					<state>FL</state>
					<postal>33701</postal>
					<country>USA</country>
				</cntaddr>
				<cntvoice>(727) 803-8747</cntvoice>
				<cntfax>(727) 803-2032</cntfax>
				<hours>Monday through Friday, 8 a.m. to 5 p.m., Eastern Standard Time</hours>
			</cntinfo>
		</ptcontac>
		<native Sync="TRUE">Microsoft Windows XP Version 5.1 (Build 2600) Service Pack 1; ESRI ArcCatalog 9.0.0.535</native>
		<natvform Sync="TRUE">Shapefile</natvform></idinfo>
	<dataqual>
		<logic>There is significant agreement of linework between adjacent shorelines.  Shorelines were checked for accuracy, but no edgematching attempts were made between adjacent shorelines even if slight offsets existed.</logic>
		<complete>This shoreline data adequately represented the shoreline at the time of the survey.  Remaining gaps in this data, if applicable, are a consequence of non-existing data or existing data that did not meet quality assurance standards.</complete>
		<posacc>
			<horizpa>
				<horizpar>The maximum estimated positional error for this shoreline is 5.1m.  Please visit our full report on shoreline change in the Southeast Atlantic (http://pubs.usgs.gov/of/2005/1401/), under the heading 'Reliability of the Results', for a complete explanation of the measurement error.</horizpar>
			</horizpa>
		</posacc>
		<lineage>
			<srcinfo>
				<srccite>
					<citeinfo>
						<origin>National Oceanographic and Atmospheric Adminstration (NOAA)</origin>
						<geoform>raster digital data</geoform>
						<serinfo>
							<sername>NOAA T-sheets</sername></serinfo>
						<pubinfo>
						</pubinfo>
						<othercit>NOAA Contact(s): Mike Rink - (843) 740-1295; Paul Fraschione - (703) 393-6866</othercit>
					</citeinfo>
				</srccite>
				<srctime>
					<timeinfo>
						<rngdates>
							<begdate>1970</begdate>
							<enddate>1988</enddate>
						</rngdates>
					</timeinfo>
				</srctime>
			</srcinfo>
			<procstep>
				<procdesc>
Shorelines from one or more sources were sought in an effort to develop a single shoreline for each time period.  Digital shorelines, if available from another agency, were acquired.  If no digital shorelines were available or if a data set was incomplete, T-sheets were requested from NOAA and received as scanned raster images.  T-sheets were geo-registered using ERDAS Imagine geographic imaging software by placing 6-10 well-spaced ground control points at gridline intersections.  Some T-sheets may have required additional coordinate transformation information from NOAA to account for datum offsets between historical datums (USSD) and modern datums (NAD27 or NAD83).  Datum transformations were applied to GCP coordinates prior to registration.  Total RMS error for the rectification process was maintained below 1 pixel, which translates to approximately 4m at a scale of 1:20,000 and 1.5m at a scale of 1:10,000.  Geo-registered T-sheets were loaded in ArcView and vector shorelines were digitized.

Quality assessments were performed and shorelines were edited to remove any overlap between adjacent shorelines.  No edgematching between adjacent shorelines was attempted. Finally, shorelines from all sources were merged to produce a single shoreline for the period.  The final shoreline was coded with 6 attribute fields (ID, Type, Date, Descr, Source, and Accuracy) required for the Digital Shoreline Analysis System (DSAS), which was used to calculate shoreline change rates.  The attributes reflect the source of the data and the original survey year.
</procdesc>
				<proccont>
					<cntinfo>
						<cntorgp>
							<cntorg>U.S. Geological Survey, Center for Coastal and Watershed Studies</cntorg>
						</cntorgp>
						<cntaddr>
							<addrtype>mailing and physical address</addrtype>
							<address>600 4th Street South</address>
							<city>St. Petersburg</city>
							<state>FL</state>
							<postal>33701</postal>
							<country>USA</country>
						</cntaddr>
						<cntvoice>(727) 803-8747</cntvoice>
						<cntfax>(727) 803-2032</cntfax>
						<hours>Monday through Friday, 8 a.m. to 5 p.m., Eastern Standard Time</hours>
					</cntinfo>
				</proccont>
			</procstep>
			<srcinfo><srccite><citeinfo><geoform>vector digital data</geoform><serinfo/><othercit>CCU Contact: Scott Harris - (843) 349-4013</othercit><origin>Coastal Carolina University (CCU)</origin><pubdate>Unpublished Material</pubdate></citeinfo></srccite><srctime><timeinfo><sngdate><caldate>1970</caldate></sngdate></timeinfo></srctime></srcinfo></lineage>
	</dataqual>
	<spdoinfo>
		<direct Sync="TRUE">Vector</direct>
		<ptvctinf>
			<sdtsterm Name="nc1970_1988">
				<sdtstype Sync="TRUE">String</sdtstype>
				<ptvctcnt Sync="TRUE">444</ptvctcnt>
			</sdtsterm>
			<esriterm Name="nc1970_1988"><efeatyp Sync="TRUE">Simple</efeatyp><efeageom Sync="TRUE">Polyline</efeageom><esritopo Sync="TRUE">FALSE</esritopo><efeacnt Sync="TRUE">444</efeacnt><spindex Sync="TRUE">TRUE</spindex><linrefer Sync="TRUE">FALSE</linrefer></esriterm></ptvctinf>
	</spdoinfo>
	<spref>
		<horizsys>
			<geograph>
				<latres>0.000001</latres>
				<longres>0.000001</longres>
				<geogunit Sync="TRUE">Decimal degrees</geogunit>
			</geograph>
			<geodetic>
				<horizdn Sync="TRUE">North American Datum of 1983</horizdn>
				<ellips Sync="TRUE">Geodetic Reference System 80</ellips>
				<semiaxis Sync="TRUE">6378137.000000</semiaxis>
				<denflat Sync="TRUE">298.257222</denflat>
			</geodetic>
			<cordsysn><geogcsn Sync="TRUE">GCS_North_American_1983</geogcsn></cordsysn></horizsys>
	</spref>
	<eainfo>
		<detailed Name="nc1970_1988">
			<enttyp>
				<enttypl>nc1970_1988</enttypl>
				<enttypt Sync="TRUE">Feature Class</enttypt><enttypc Sync="TRUE">444</enttypc></enttyp>
			<attr>
				<attrlabl Sync="TRUE">FID</attrlabl>
				<attrdef Sync="TRUE">Internal feature number.</attrdef>
				<attrdefs Sync="TRUE">ESRI</attrdefs>
				<attrdomv>
					<udom Sync="TRUE">Sequential unique whole numbers that are automatically generated.</udom>
				</attrdomv>
				<attalias Sync="TRUE">FID</attalias><attrtype Sync="TRUE">OID</attrtype><attwidth Sync="TRUE">4</attwidth><atprecis Sync="TRUE">0</atprecis><attscale Sync="TRUE">0</attscale></attr>
			<attr>
				<attrlabl Sync="TRUE">Shape</attrlabl>
				<attrdef Sync="TRUE">Feature geometry.</attrdef>
				<attrdefs Sync="TRUE">ESRI</attrdefs>
				<attrdomv>
					<udom Sync="TRUE">Coordinates defining the features.</udom>
				</attrdomv>
				<attalias Sync="TRUE">Shape</attalias><attrtype Sync="TRUE">Geometry</attrtype><attwidth Sync="TRUE">0</attwidth><atprecis Sync="TRUE">0</atprecis><attscale Sync="TRUE">0</attscale></attr>
			<attr>
				<attrlabl Sync="TRUE">ID</attrlabl>
				<attrdef>Feature number.</attrdef>
				<attrdefs>U.S. Geological Survey</attrdefs>
				<attalias Sync="TRUE">ID</attalias><attrtype Sync="TRUE">Number</attrtype><attwidth Sync="TRUE">8</attwidth><attrdomv><rdom><rdommin>1</rdommin><rdommax>444</rdommax></rdom></attrdomv></attr>
			<attr>
				<attrlabl Sync="TRUE">TYPE</attrlabl>
				<attrdef>Type of feature.</attrdef>
				<attrdefs>U.S. Geological Survey</attrdefs>
				<attalias Sync="TRUE">TYPE</attalias><attrtype Sync="TRUE">String</attrtype><attwidth Sync="TRUE">20</attwidth><attrdomv><edom><edomv>Shoreline</edomv><edomvd>Vector shoreline.</edomvd><edomvds>U.S. Geological Survey</edomvds></edom><edom><edomv>Baseline</edomv><edomvd>Vector baseline.</edomvd><edomvds>U.S. Geological Survey</edomvds></edom></attrdomv></attr>
			<attr>
				<attrlabl Sync="TRUE">DATE_</attrlabl>
				<attrdef>Year of survey.</attrdef>
				<attrdefs>U.S. Geological Survey</attrdefs>
				<attalias Sync="TRUE">DATE_</attalias><attrtype Sync="TRUE">String</attrtype><attwidth Sync="TRUE">10</attwidth><attrdomv><edom><edomv>01/01/1970</edomv><edomvd>Feature surveyed in 1970.</edomvd><edomvds>U.S. Geological Survey</edomvds></edom><edom><edomv>01/01/1972</edomv><edomvd>Feature surveyed in 1972.</edomvd><edomvds>U.S. Geological Survey</edomvds></edom><edom><edomv>01/01/1973</edomv><edomvd>Feature surveyed in 1973.</edomvd><edomvds>U.S. Geological Survey</edomvds></edom><edom><edomv>01/01/1979</edomv><edomvd>Feature surveyed in 1979.</edomvd><edomvds>U.S. Geological Survey</edomvds></edom><edom><edomv>01/01/1980</edomv><edomvd>Feature surveyed in 1980.</edomvd><edomvds>U.S. Geological Survey</edomvds></edom><edom><edomv>01/01/1988</edomv><edomvd>Feature surveyed in 1988.</edomvd><edomvds>U.S. Geological Survey</edomvds></edom></attrdomv></attr>
			<attr>
				<attrlabl Sync="TRUE">DESCR</attrlabl>
				<attrdef>Detailed description of the feature.</attrdef>
				<attrdefs>U.S. Geological Survey</attrdefs>
				<attalias Sync="TRUE">DESCR</attalias><attrtype Sync="TRUE">String</attrtype><attwidth Sync="TRUE">64</attwidth><attrdomv><udom>Describes additional characteristics of the feature.</udom></attrdomv></attr>
			<attr>
				<attrlabl Sync="TRUE">SOURCE</attrlabl>
				<attrdef>Agency that provided feature or data used to create feature.</attrdef>
				<attrdefs>U.S. Geological Survey</attrdefs>
				<attalias Sync="TRUE">SOURCE</attalias><attrtype Sync="TRUE">String</attrtype><attwidth Sync="TRUE">32</attwidth><attrdomv><edom><edomv>USGS</edomv><edomvd>U.S. Geological Survey</edomvd><edomvds>U.S. Geological Survey</edomvds></edom><edom><edomv>NOAA/USGS</edomv><edomvd>National Oceanic and Atmospheric Adminstration/U.S. Geological Survey</edomvd><edomvds>U.S. Geological Survey</edomvds></edom><edom><edomv>Coastal Carolina University</edomv><edomvd>U.S. Geological Survey</edomvd><edomvds>U.S. Geological Survey</edomvds></edom></attrdomv></attr>
			<attr>
				<attrlabl Sync="TRUE">ACCURACY</attrlabl>
				<attrdef>Position accuracy of feature.</attrdef>
				<attrdefs>U.S. Geological Survey</attrdefs>
				<attalias Sync="TRUE">ACCURACY</attalias><attrtype Sync="TRUE">Number</attrtype><attwidth Sync="TRUE">3</attwidth><attrdomv><edom><edomv>0</edomv><edomvd>The accuracy is not given or is not known.</edomvd><edomvds>U.S. Geological Survey</edomvds></edom></attrdomv><attrdomv><rdom><attrunit>meters (m)</attrunit></rdom></attrdomv></attr>
		</detailed>
	</eainfo>
	<distinfo>
		<distrib>
			<cntinfo>
				<cntorgp>
					<cntorg>U.S. Geological Survey, Center for Coastal and Watershed Studies</cntorg>
				</cntorgp>
				<cntaddr>
					<addrtype>mailing and physical address</addrtype>
					<address>600 4th Street South</address>
					<city>St. Petersburg</city>
					<state>FL</state>
					<postal>33701</postal>
					<country>USA</country>
				</cntaddr>
				<cntvoice>(727) 803-8747</cntvoice>
				<cntfax>(727) 803-2032</cntfax>
				<hours>Monday through Friday, 8 a.m. to 5 p.m., Eastern Standard Time</hours>
			</cntinfo>
		</distrib>
		<resdesc>USGS Open-File Report 2005-1326</resdesc>
		<distliab>
Although these data have been used by the U.S. Geological Survey, U.S. Department of the Interior, these data and information are provided with the understanding that they are not guaranteed to be usable, timely, accurate, or complete. Users are cautioned to consider carefully the provisional nature of these data and information before using them for decisions that concern personal or public safety or the conduct of business that involves substantial monetary or operational consequences. Conclusions drawn from, or actions undertaken on the basis of, such data and information are the sole responsibility of the user.

Neither the U.S. Government nor any agency thereof, nor any of their employees, contractors, or subcontractors, make any warranty, express or implied, nor assume any legal liability or responsibility for the accuracy, completeness, or usefulness of any data, software, information, apparatus, product, or process disclosed, nor represent that its use would not infringe on privately owned rights.

Trade, firm, or product names and other references to non-USGS products and services are provided for information only and do not constitute endorsement or warranty, express or implied, by the USGS, USDOI, or U.S. Government, as to their suitability, content, usefulness, functioning, completeness, or accuracy.
</distliab>
		<stdorder>
			<digform>
				<digtinfo>
					<formname>ESRI Shapefile</formname><formspec>Seven files comprise the ArcView shapefile: &lt;filename&gt;.dbf, &lt;filename&gt;.shp, &lt;filename&gt;.shx, &lt;filename&gt;.prj, &lt;filename&gt;.avl, &lt;filename&gt;.sbx, &lt;filename&gt;.sbn</formspec><transize Sync="TRUE">0.214</transize><dssize Sync="TRUE">0.214</dssize></digtinfo>
			</digform>
		</stdorder>
	</distinfo>
	<metainfo>
		<metd>20050808</metd>
		<metc>
			<cntinfo>
				<cntorgp>
					<cntorg>U.S. Geological Survey, Center for Coastal and Watershed Studies</cntorg>
					<cntper>Tara Miller</cntper>
				</cntorgp>
				<cntaddr>
					<addrtype>mailing and physical address</addrtype>
					<address>600 4th Street South</address>
					<city>St. Petersburg</city>
					<state>FL</state>
					<postal>33701</postal>
					<country>USA</country>
				</cntaddr>
				<cntvoice>(727) 803-8747</cntvoice>
				<cntfax>(727) 803-2032</cntfax>
				<cntemail>taram@usgs.gov</cntemail>
				<hours>Monday through Friday, 8 a.m. to 5 p.m., Eastern Standard Time</hours>
			</cntinfo>
		</metc>
		<metstdn Sync="TRUE">FGDC Content Standards for Digital Geospatial Metadata</metstdn>
		<metstdv Sync="TRUE">FGDC-STD-001-1998</metstdv>
		<mettc Sync="TRUE">local time</mettc>
		<langmeta Sync="TRUE">en</langmeta><metextns><onlink Sync="TRUE">http://www.esri.com/metadata/esriprof80.html</onlink><metprof Sync="TRUE">ESRI Metadata Profile</metprof></metextns></metainfo>
	<Esri><CreaDate>20041210</CreaDate><CreaTime>10275400</CreaTime><SyncOnce>FALSE</SyncOnce><SyncDate>20050818</SyncDate><SyncTime>10594900</SyncTime><ModDate>20050825</ModDate><ModTime>09052000</ModTime><MetaID>{CC518265-7393-4EF7-86F7-2E8965B70354}</MetaID><Sync>FALSE</Sync></Esri><dataIdInfo><envirDesc Sync="TRUE">Microsoft Windows XP Version 5.1 (Build 2600) Service Pack 1; ESRI ArcCatalog 9.0.0.535</envirDesc><dataLang><languageCode Sync="TRUE" value="en"></languageCode></dataLang><idCitation><resTitle Sync="TRUE">nc1970_1988</resTitle><presForm><PresFormCd Sync="TRUE" value="005"></PresFormCd></presForm></idCitation><spatRpType><SpatRepTypCd Sync="TRUE" value="001"></SpatRepTypCd></spatRpType><dataExt><geoEle><GeoBndBox esriExtentType="native"><westBL Sync="TRUE">-78.544105</westBL><eastBL Sync="TRUE">-75.459977</eastBL><northBL Sync="TRUE">36.550598</northBL><southBL Sync="TRUE">33.841335</southBL><exTypeCode Sync="TRUE">1</exTypeCode></GeoBndBox></geoEle></dataExt><geoBox esriExtentType="decdegrees"><westBL Sync="TRUE">-78.544105</westBL><eastBL Sync="TRUE">-75.459977</eastBL><northBL Sync="TRUE">36.550598</northBL><southBL Sync="TRUE">33.841335</southBL><exTypeCode Sync="TRUE">1</exTypeCode></geoBox></dataIdInfo><mdLang><languageCode Sync="TRUE" value="en"></languageCode></mdLang><mdStanName Sync="TRUE">ISO 19115 Geographic Information - Metadata</mdStanName><mdStanVer Sync="TRUE">DIS_ESRI1.0</mdStanVer><mdChar><CharSetCd Sync="TRUE" value="004"></CharSetCd></mdChar><mdHrLv><ScopeCd Sync="TRUE" value="005"></ScopeCd></mdHrLv><mdHrLvName Sync="TRUE">dataset</mdHrLvName><distInfo><distributor><distorTran><onLineSrc><orDesc Sync="TRUE">002</orDesc><linkage Sync="TRUE">file://\\STITCH\D$\hk\atlse_data_catalog\northcarolina\shorelines\nc1970_1988.shp</linkage><protocol Sync="TRUE">Local Area Network</protocol></onLineSrc><transSize Sync="TRUE">0.214</transSize></distorTran><distorFormat><formatName Sync="TRUE">Shapefile</formatName></distorFormat></distributor></distInfo><refSysInfo><RefSystem><refSysID><identCode Sync="TRUE">GCS_North_American_1983</identCode></refSysID></RefSystem></refSysInfo><spatRepInfo><VectSpatRep><topLvl><TopoLevCd Sync="TRUE" value="001"></TopoLevCd></topLvl><geometObjs Name="nc1970_1988"><geoObjTyp><GeoObjTypCd Sync="TRUE" value="001"></GeoObjTypCd></geoObjTyp><geoObjCnt Sync="TRUE">444</geoObjCnt></geometObjs></VectSpatRep></spatRepInfo><mdDateSt Sync="TRUE">20050825</mdDateSt></metadata>
