<?xml version="1.0"?>
<!-- <!DOCTYPE metadata SYSTEM "http://www.esri.com/metadata/esriprof80.dtd">  -->
<metadata xml:lang="en"><Esri><CreaDate>20130129</CreaDate><CreaTime>10181400</CreaTime><SyncOnce>FALSE</SyncOnce><DataProperties><lineage><Process Name="Create Feature Class" ToolSource="C:\Program Files\ArcGIS\ArcToolbox\Toolboxes\Data Management Tools.tbx\CreateFeatureclass" Date="20060411" Time="131804">CreateFeatureclass C:\DCM_GIS\Coastal_Hazards_Geodata\COASTAL_HAZARDS.mdb\EROSION_RATES Transects_50_Meter # Transects_Oceanfront_50Meter SAME_AS_TEMPLATE SAME_AS_TEMPLATE "PROJCS['NAD_1983_StatePlane_North_Carolina_FIPS_3200_Feet',GEOGCS['GCS_North_American_1983',DATUM['D_North_American_1983',SPHEROID['GRS_1980',6378137.0,298.257222101]],PRIMEM['Greenwich',0.0],UNIT['Degree',0.0174532925199433]],PROJECTION['Lambert_Conformal_Conic'],PARAMETER['False_Easting',2000000.002616666],PARAMETER['False_Northing',0.0],PARAMETER['Central_Meridian',-79.0],PARAMETER['Standard_Parallel_1',34.33333333333334],PARAMETER['Standard_Parallel_2',36.16666666666666],PARAMETER['Latitude_Of_Origin',33.75],UNIT['Foot_US',0.3048006096012192]];2000 2000 9.66376338603424;0 100000;0 100000" # 0 0 0 C:\DCM_GIS\Coastal_Hazards_Geodata\COASTAL_HAZARDS.mdb\EROSION_RATES\Transects_50_Meter</Process><Process Name="Append" ToolSource="C:\Program Files\ArcGIS\ArcToolbox\Toolboxes\Data Management Tools.tbx\Append" Date="20060411" Time="131815">Append Transects_Oceanfront_50Meter C:\DCM_GIS\Coastal_Hazards_Geodata\COASTAL_HAZARDS.mdb\EROSION_RATES\Transects_50_Meter TEST C:\DCM_GIS\Coastal_Hazards_Geodata\COASTAL_HAZARDS.mdb\EROSION_RATES\Transects_50_Meter</Process><Process Name="FeatureClassToFeatureClass_9" ToolSource="C:\Program Files\ArcGIS\ArcToolbox\Toolboxes\Conversion Tools.tbx\FeatureClassToFeatureClass" Date="20060411" Time="131816">FeatureClassToFeatureClass D:\GIS\COASTAL_HAZARDS.mdb\PROJECT_1998_EROSION_RATE_SETBACK_OCEANFRONT\Transects_Oceanfront_50Meter C:\DCM_GIS\Coastal_Hazards_Geodata\COASTAL_HAZARDS.mdb\EROSION_RATES Transects_50_Meter # "FEATURE FEATURE VISIBLE;NCDCM_ID NCDCM_ID VISIBLE;DOLAN_ID DOLAN_ID VISIBLE;CO_NAME CO_NAME VISIBLE;F_DATE F_DATE VISIBLE;GRAPH_X GRAPH_X VISIBLE;Shape_Length Shape_Length VISIBLE" SAME_AS_TEMPLATE SAME_AS_TEMPLATE # 0 C:\DCM_GIS\Coastal_Hazards_Geodata\COASTAL_HAZARDS.mdb\EROSION_RATES\Transects_50_Meter</Process><Process ToolSource="C:\Program Files\ArcGIS\ArcToolbox\Toolboxes\Data Management Tools.tbx\Merge" Date="20110202" Time="110724">Merge Transects_South_EPR_DATA_shorelineclip;Transects_Middle_EPR_DATA_shorelineclip;Transects_North_EPR_DATA_shorelineclip F:\GIS\PROJECTS\EROSION_RATES\2011_EROSION_RATES\DSAS\DSAS_OCEANFRONT.mdb\Shorelines_Oceanfront_EPR_DATA_shorelineclip "FEATURE 'FEATURE' true true false 50 Text 0 0 ,First,#,Transects_South_EPR_DATA_shorelineclip,FEATURE,-1,-1,Transects_Middle_EPR_DATA_shorelineclip,FEATURE,-1,-1,Transects_North_EPR_DATA_shorelineclip,FEATURE,-1,-1;NCDCM_ID 'NCDCM_ID' true true false 8 Double 0 0 ,First,#,Transects_South_EPR_DATA_shorelineclip,NCDCM_ID,-1,-1,Transects_Middle_EPR_DATA_shorelineclip,NCDCM_ID,-1,-1,Transects_North_EPR_DATA_shorelineclip,NCDCM_ID,-1,-1;DOLAN_ID 'DOLAN_ID' true true false 8 Double 0 0 ,First,#,Transects_South_EPR_DATA_shorelineclip,DOLAN_ID,-1,-1,Transects_Middle_EPR_DATA_shorelineclip,DOLAN_ID,-1,-1,Transects_North_EPR_DATA_shorelineclip,DOLAN_ID,-1,-1;CO_NAME 'CO_NAME' true true false 25 Text 0 0 ,First,#,Transects_South_EPR_DATA_shorelineclip,CO_NAME,-1,-1,Transects_Middle_EPR_DATA_shorelineclip,CO_NAME,-1,-1,Transects_North_EPR_DATA_shorelineclip,CO_NAME,-1,-1;F_DATE 'F_DATE' true true false 8 Date 0 0 ,First,#,Transects_South_EPR_DATA_shorelineclip,F_DATE,-1,-1,Transects_Middle_EPR_DATA_shorelineclip,F_DATE,-1,-1,Transects_North_EPR_DATA_shorelineclip,F_DATE,-1,-1;GRAPH_X 'GRAPH_X' true true false 8 Double 0 0 ,First,#,Transects_South_EPR_DATA_shorelineclip,GRAPH_X,-1,-1,Transects_Middle_EPR_DATA_shorelineclip,GRAPH_X,-1,-1,Transects_North_EPR_DATA_shorelineclip,GRAPH_X,-1,-1;BaselineID 'BaselineID' true true false 4 Long 0 0 ,First,#,Transects_South_EPR_DATA_shorelineclip,BaselineID,-1,-1,Transects_Middle_EPR_DATA_shorelineclip,BaselineID,-1,-1,Transects_North_EPR_DATA_shorelineclip,BaselineID,-1,-1;TransOrder 'TransOrder' true true false 4 Long 0 0 ,First,#,Transects_South_EPR_DATA_shorelineclip,TransOrder,-1,-1,Transects_Middle_EPR_DATA_shorelineclip,TransOrder,-1,-1,Transects_North_EPR_DATA_shorelineclip,TransOrder,-1,-1;StartX 'StartX' true true false 8 Double 0 0 ,First,#,Transects_South_EPR_DATA_shorelineclip,StartX,-1,-1,Transects_Middle_EPR_DATA_shorelineclip,StartX,-1,-1,Transects_North_EPR_DATA_shorelineclip,StartX,-1,-1;StartY 'StartY' true true false 8 Double 0 0 ,First,#,Transects_South_EPR_DATA_shorelineclip,StartY,-1,-1,Transects_Middle_EPR_DATA_shorelineclip,StartY,-1,-1,Transects_North_EPR_DATA_shorelineclip,StartY,-1,-1;EndX 'EndX' true true false 8 Double 0 0 ,First,#,Transects_South_EPR_DATA_shorelineclip,EndX,-1,-1,Transects_Middle_EPR_DATA_shorelineclip,EndX,-1,-1,Transects_North_EPR_DATA_shorelineclip,EndX,-1,-1;EndY 'EndY' true true false 8 Double 0 0 ,First,#,Transects_South_EPR_DATA_shorelineclip,EndY,-1,-1,Transects_Middle_EPR_DATA_shorelineclip,EndY,-1,-1,Transects_North_EPR_DATA_shorelineclip,EndY,-1,-1;Azimuth 'Azimuth' true true false 8 Double 0 0 ,First,#,Transects_South_EPR_DATA_shorelineclip,Azimuth,-1,-1,Transects_Middle_EPR_DATA_shorelineclip,Azimuth,-1,-1,Transects_North_EPR_DATA_shorelineclip,Azimuth,-1,-1;ProcTime 'ProcTime' true true false 30 Text 0 0 ,First,#,Transects_South_EPR_DATA_shorelineclip,ProcTime,-1,-1,Transects_Middle_EPR_DATA_shorelineclip,ProcTime,-1,-1,Transects_North_EPR_DATA_shorelineclip,ProcTime,-1,-1;EPR_M 'EPR_M' true true false 8 Double 0 0 ,First,#,Transects_South_EPR_DATA_shorelineclip,EPR_M,-1,-1,Transects_Middle_EPR_DATA_shorelineclip,EPR_M,-1,-1,Transects_North_EPR_DATA_shorelineclip,EPR_M,-1,-1;EPR_FT 'EPR_FT' true true false 8 Double 0 0 ,First,#,Transects_South_EPR_DATA_shorelineclip,EPR_FT,-1,-1,Transects_Middle_EPR_DATA_shorelineclip,EPR_FT,-1,-1,Transects_North_EPR_DATA_shorelineclip,EPR_FT,-1,-1;LOCATION 'LOCATION' true true false 65 Text 0 0 ,First,#,Transects_South_EPR_DATA_shorelineclip,LOCATION,-1,-1,Transects_Middle_EPR_DATA_shorelineclip,LOCATION,-1,-1,Transects_North_EPR_DATA_shorelineclip,LOCATION,-1,-1;COMMENTS 'COMMENTS' true true false 200 Text 0 0 ,First,#,Transects_South_EPR_DATA_shorelineclip,COMMENTS,-1,-1;IHA_PROX 'IHA_PROX' true true false 50 Text 0 0 ,First,#,Transects_South_EPR_DATA_shorelineclip,IHA_PROX,-1,-1,Transects_Middle_EPR_DATA_shorelineclip,IHA_PROX,-1,-1,Transects_North_EPR_DATA_shorelineclip,IHA_PROX,-1,-1;INLET_PROX 'INLET_PROX' true true false 50 Text 0 0 ,First,#,Transects_South_EPR_DATA_shorelineclip,INLET_PROX,-1,-1,Transects_Middle_EPR_DATA_shorelineclip,INLET_PROX,-1,-1,Transects_North_EPR_DATA_shorelineclip,INLET_PROX,-1,-1;EPR_1998 'EPR_1998' true true false 8 Double 0 0 ,First,#,Transects_South_EPR_DATA_shorelineclip,EPR_1998,-1,-1,Transects_Middle_EPR_DATA_shorelineclip,EPR_1998,-1,-1,Transects_North_EPR_DATA_shorelineclip,EPR_1998,-1,-1;SD_EARLY 'SD_EARLY' true true false 11 Text 0 0 ,First,#,Transects_South_EPR_DATA_shorelineclip,SD_EARLY,-1,-1,Transects_Middle_EPR_DATA_shorelineclip,SD_EARLY,-1,-1,Transects_North_EPR_DATA_shorelineclip,SD_EARLY,-1,-1;SD_2009 'SD_2009' true true false 11 Text 0 0 ,First,#,Transects_South_EPR_DATA_shorelineclip,SD_2009,-1,-1,Transects_Middle_EPR_DATA_shorelineclip,SD_2009,-1,-1,Transects_North_EPR_DATA_shorelineclip,SD_2009,-1,-1;EPR 'EPR' true true false 8 Double 0 0 ,First,#,Transects_South_EPR_DATA_shorelineclip,EPR,-1,-1,Transects_Middle_EPR_DATA_shorelineclip,EPR,-1,-1,Transects_North_EPR_DATA_shorelineclip,EPR,-1,-1;NSM 'NSM' true true false 8 Double 0 0 ,First,#,Transects_South_EPR_DATA_shorelineclip,NSM,-1,-1,Transects_Middle_EPR_DATA_shorelineclip,NSM,-1,-1,Transects_North_EPR_DATA_shorelineclip,NSM,-1,-1;SCE 'SCE' true true false 8 Double 0 0 ,First,#,Transects_South_EPR_DATA_shorelineclip,SCE,-1,-1,Transects_Middle_EPR_DATA_shorelineclip,SCE,-1,-1,Transects_North_EPR_DATA_shorelineclip,SCE,-1,-1;SHORE_STAT 'SHORE_STAT' true true false 25 Text 0 0 ,First,#,Transects_South_EPR_DATA_shorelineclip,SHORE_STAT,-1,-1,Transects_Middle_EPR_DATA_shorelineclip,SHORE_STAT,-1,-1,Transects_North_EPR_DATA_shorelineclip,SHORE_STAT,-1,-1;Shape_Length 'Shape_Length' false true true 8 Double 0 0 ,First,#,Transects_South_EPR_DATA_shorelineclip,Shape_Length,-1,-1,Transects_Middle_EPR_DATA_shorelineclip,Shape_Length,-1,-1,Transects_North_EPR_DATA_shorelineclip,Shape_Length,-1,-1;Group_ 'Group_' true true false 4 Long 0 0 ,First,#,Transects_Middle_EPR_DATA_shorelineclip,Group_,-1,-1,Transects_North_EPR_DATA_shorelineclip,Group_,-1,-1;COMMETS 'COMMETS' true true false 50 Text 0 0 ,First,#,Transects_Middle_EPR_DATA_shorelineclip,COMMETS,-1,-1,Transects_North_EPR_DATA_shorelineclip,COMMETS,-1,-1"</Process></lineage></DataProperties><SyncDate>20130131</SyncDate><SyncTime>08455900</SyncTime><ModDate>20130131</ModDate><ModTime>08455900</ModTime><MetaID>{A0D27E6B-003C-4B6C-A8CB-8DC4BFAE203D}</MetaID></Esri><idinfo><citation><citeinfo><onlink>http://dcm2.enr.state.nc.us/maps/erosion_rates_2011.htm</onlink><origin>NC DENR Division of Coastal Management</origin><pubdate>2013</pubdate><title>2011 Average Annual Long-Term Erosion Rates</title><ftname Sync="TRUE">EROSION_RATES_OCEANFRONT_2011</ftname><geoform Sync="TRUE">vector digital data</geoform><othercit>The 2009 Shoreline was digitized using 2009 USDA NAIP imagery:
http://www.fsa.usda.gov/FSA/apfoapp?area=home&amp;subject=prog&amp;topic=nai</othercit></citeinfo></citation><native Sync="TRUE">Microsoft Windows XP Version 5.1 (Build 2600) Service Pack 3; ESRI ArcCatalog 9.3.1.4000</native><descript><langdata Sync="TRUE">en</langdata><abstract>This polyline shapefile represents 2011 average annual long-term erosion rates (ft/yr).</abstract><purpose>These values were calculated in 2011 for the purpose of updating oceanfront erosion rates.  In North Carolina, erosion rates are used to develop construction setback measured from the first line of stable-natural vegetation, or a static vegetation line.</purpose></descript><timeperd><current>Complete</current><timeinfo><sngdate><caldate>2013</caldate></sngdate></timeinfo></timeperd><status><progress>Complete</progress><update>Once every 5 Years</update></status><spdom><bounding><westbc Sync="TRUE">-78.543317</westbc><eastbc Sync="TRUE">-75.417257</eastbc><northbc Sync="TRUE">36.590362</northbc><southbc Sync="TRUE">33.793907</southbc></bounding><lboundng><leftbc Sync="TRUE">2138696.974083</leftbc><rightbc Sync="TRUE">3052461.577714</rightbc><bottombc Sync="TRUE">34345.783777</bottombc><topbc Sync="TRUE">1034162.440951</topbc></lboundng></spdom><keywords><theme><themekt>Erosion Rates</themekt><themekey>Erosion Rates</themekey><themekey>Shoreline Change</themekey></theme></keywords><accconst>None</accconst><useconst>Free to use.  Any edits or modifications to the attribute values will make these data null and void.</useconst><natvform Sync="TRUE">Shapefile</natvform><ptcontac><cntinfo><cntorgp><cntorg>NC Division of Coastal Management</cntorg><cntper>Ken Richardson</cntper></cntorgp><cntpos>GIS Analyst</cntpos><cntaddr><addrtype>mailing and physical address</addrtype><address>400 Commerce Avenue</address><city>Morehead City</city><state>NC</state><postal>28557</postal><country>US</country></cntaddr><cntvoice>252-808-2808 ext. 225</cntvoice><cntfax>252-247-3330</cntfax><cntemail>ken.richardson@ncdenr.gov</cntemail><hours>Mon. - Fri. 8AM to 5PM</hours></cntinfo></ptcontac></idinfo><distInfo><distributor><distorTran><onLineSrc><linkage Sync="TRUE">file://\\MHCGIS1\C$\GIS\PROJECTS\EROSION_RATES\2011_EROSION_RATES\DATA_DISK\DATA\GIS_SHAPEFILES\EROSION_RATES_OCEANFRONT_2011.shp</linkage><protocol Sync="TRUE">Local Area Network</protocol><orDesc Sync="TRUE">002</orDesc></onLineSrc><transSize Sync="TRUE">0.823</transSize></distorTran><distorFormat><formatName Sync="TRUE">Shapefile</formatName></distorFormat></distributor></distInfo><dataqual><lineage><procstep><procdesc>~ Early shorelines digitized from NOAA/USGS NOS T-Sheets and/or imagery. 
~ 2009 shoreline digitized using 2009 USDA NAIP Imagery
~ Distance between the two shorelines on any given transect (change rate) was measured using the USGS's Digital Shoreline Analysis System (DSAS) - http://woodshole.er.usgs.gov/project-pages/dsas/</procdesc><procdate Sync="TRUE">20100722</procdate><proctime Sync="TRUE">13293300</proctime></procstep><procstep><procdesc>Rate Calculations Performed.  Parameters Used: shoreline layer=Shorelines_South_endpoint, shoreline date field=DATE_, shoreline uncertainty field name=NULL, the default accuracy=4.4 meters, shoreline intersection parameters=nearest, stats calculations=[End Point Rate (EPR)], shoreline threshold=none, confidence interval=99.9%, Output rate table name=Transects_all_rates_20100726_090831. </procdesc><procdate>20100726</procdate></procstep><procstep><procdesc>Rate Calculations Performed.  Parameters Used: shoreline layer=Shorelines_South_endpoint, shoreline date field=DATE_, shoreline uncertainty field name=NULL, the default accuracy=1 meters, shoreline intersection parameters=nearest, stats calculations=[End Point Rate (EPR)], shoreline threshold=none, confidence interval=99.9%, Output rate table name=Transects_all_rates_20100726_100120. </procdesc><procdate>20100726</procdate></procstep><procstep><procdesc>Rate Calculations Performed.  Parameters Used: shoreline layer=Shorelines_South_endpoint, shoreline date field=DATE_, shoreline uncertainty field name=NULL, the default accuracy=1 meters, shoreline intersection parameters=nearest, stats calculations=[End Point Rate (EPR)], shoreline threshold=none, confidence interval=99.9%, Output rate table name=Transects_all_rates_20100726_111738. </procdesc><procdate>20100726</procdate></procstep><procstep><procdesc>Rate Calculations Performed.  Parameters Used: shoreline layer=Shorelines_South_endpoint, shoreline date field=DATE_, shoreline uncertainty field name=NULL, the default accuracy=4 meters, shoreline intersection parameters=nearest, stats calculations=[End Point Rate (EPR)], shoreline threshold=none, confidence interval=99.9%, Output rate table name=Transects_all_rates_20100727_150454. </procdesc><procdate>20100727</procdate></procstep><procstep><procdesc>Rate Calculations Performed.  Parameters Used: shoreline layer=Shorelines_ALL_South_DSAS, shoreline date field=DATE_, shoreline uncertainty field name=UNCERT_M, the default accuracy=4 meters, shoreline intersection parameters=nearest, stats calculations=[Shoreline Change Envelope (SCE), Net Shoreline Movement (NSM), End Point Rate (EPR), Linear Regression Rate (LRR), Weighted Linear Regression (WLR), Least Median of Squares (LMS)], shoreline threshold=none, confidence interval=99.9%, Output rate table name=Transects_South_rates_20100804_094039. </procdesc><procdate>20100804</procdate></procstep><procstep><procdesc Sync="TRUE">Dataset copied.</procdesc><srcused Sync="TRUE">\\MHCGIS1\C$\GIS\PROJECTS\EROSION_RATES\2010_EROSION_RATES\DSAS\DSAS.mdb</srcused><procdate Sync="TRUE">20100805</procdate><proctime Sync="TRUE">11412300</proctime></procstep><procstep><procdesc>Rate Calculations Performed.  Parameters Used: shoreline layer=Shorelines_ALL_South_DSAS, shoreline date field=DATE_, shoreline uncertainty field name=UNCERT_M, the default accuracy=4 meters, shoreline intersection parameters=nearest, stats calculations=[Shoreline Change Envelope (SCE), Net Shoreline Movement (NSM), End Point Rate (EPR), Linear Regression Rate (LRR), Weighted Linear Regression (WLR), Least Median of Squares (LMS)], shoreline threshold=none, confidence interval=99.9%, Output rate table name=Transects_South_rates_20100805_114300. </procdesc><procdate>20100805</procdate></procstep><procstep><procdesc>Rate Calculations Performed.  Parameters Used: shoreline layer=Shorelines_ALL_South_DSAS, shoreline date field=DATE_, shoreline uncertainty field name=NULL, the default accuracy=4.4 meters, shoreline intersection parameters=farthest, stats calculations=[Shoreline Change Envelope (SCE), Net Shoreline Movement (NSM), End Point Rate (EPR), Linear Regression Rate (LRR), Least Median of Squares (LMS)], shoreline threshold=none, confidence interval=95%, Output rate table name=Transects_South_rates_20101230_094356. </procdesc><procdate>20101230</procdate></procstep><procstep><procdesc>Rate Calculations Performed.  Parameters Used: shoreline layer=Shorelines_ALL_South_DSAS, shoreline date field=DATE_, shoreline uncertainty field name=NULL, the default accuracy=4.4 meters, shoreline intersection parameters=nearest, stats calculations=[Shoreline Change Envelope (SCE), Net Shoreline Movement (NSM), End Point Rate (EPR), Linear Regression Rate (LRR), Least Median of Squares (LMS)], shoreline threshold=none, confidence interval=95%, Output rate table name=Transects_South_rates_20110103_082402. </procdesc><procdate>20110103</procdate></procstep><procstep><procdesc Sync="TRUE">Dataset copied.</procdesc><srcused Sync="TRUE">\\MHCGIS1\F\GIS\PROJECTS\EROSION_RATES\2011_EROSION_RATES\DSAS\DSAS_INLETS.mdb</srcused><procdate Sync="TRUE">20110131</procdate><proctime Sync="TRUE">14504000</proctime></procstep><procstep><procdesc>Rate Calculations Performed.  Parameters Used: shoreline layer=Shoreline_Oceanfront_EP_early_2009, shoreline date field=DATE_, shoreline uncertainty field name=NULL, the default accuracy=4.4 meters, shoreline intersection parameters=nearest, stats calculations=[Shoreline Change Envelope (SCE), Net Shoreline Movement (NSM), End Point Rate (EPR)], shoreline threshold=none, confidence interval=95%, Output rate table name=Transects_South_rates_20110131_151520. </procdesc><procdate>20110131</procdate></procstep><procstep><procdesc>Rate Calculations Performed.  Parameters Used: shoreline layer=Shoreline_Oceanfront_EP_early_2009, shoreline date field=DATE_, shoreline uncertainty field name=NULL, the default accuracy=4.4 meters, shoreline intersection parameters=nearest, stats calculations=[Shoreline Change Envelope (SCE), Net Shoreline Movement (NSM), End Point Rate (EPR)], shoreline threshold=none, confidence interval=95%, Output rate table name=Transects_South_rates_20110201_085530. </procdesc><procdate>20110201</procdate></procstep><procstep><procdesc>Rate Calculations Performed.  Parameters Used: shoreline layer=Shoreline_Oceanfront_EP_early_2009, shoreline date field=DATE_, shoreline uncertainty field name=NULL, the default accuracy=4.4 meters, shoreline intersection parameters=nearest, stats calculations=[Shoreline Change Envelope (SCE), Net Shoreline Movement (NSM), End Point Rate (EPR)], shoreline threshold=none, confidence interval=95%, Output rate table name=Transects_South_rates_20110201_112754. </procdesc><procdate>20110201</procdate></procstep><procstep><procdesc Sync="TRUE">Dataset copied.</procdesc><srcused Sync="TRUE">\\MHCGIS1\F\GIS\PROJECTS\EROSION_RATES\2011_EROSION_RATES\DSAS\DSAS_OCEANFRONT.mdb</srcused><procdate Sync="TRUE">20110201</procdate><proctime Sync="TRUE">15233800</proctime></procstep><procstep><procdesc Sync="TRUE">Dataset copied.</procdesc><srcused Sync="TRUE">\\MHCGIS1\F\GIS\PROJECTS\EROSION_RATES\2011_EROSION_RATES\DSAS\DSAS_OCEANFRONT.mdb</srcused><procdate Sync="TRUE">20110202</procdate><proctime Sync="TRUE">08034500</proctime></procstep><procstep><procdesc Sync="TRUE">Dataset copied.</procdesc><srcused Sync="TRUE">\\MHCGIS1\F\GIS\PROJECTS\EROSION_RATES\2011_EROSION_RATES\DSAS\DSAS_OCEANFRONT.mdb</srcused><procdate Sync="TRUE">20110202</procdate><proctime Sync="TRUE">11185100</proctime></procstep><procstep><procdesc Sync="TRUE">Dataset copied.</procdesc><srcused Sync="TRUE">\\MHCGIS1\C$\GIS\PROJECTS\EROSION_RATES\2011_EROSION_RATES\DSAS\DSAS_OCEANFRONT.mdb</srcused><procdate Sync="TRUE">20110517</procdate><proctime Sync="TRUE">08222600</proctime></procstep><procstep><procdesc Sync="TRUE">Dataset copied.</procdesc><srcused Sync="TRUE"></srcused><procdate Sync="TRUE">20110517</procdate><proctime Sync="TRUE">08234900</proctime></procstep><procstep><procdesc Sync="TRUE">Dataset copied.</procdesc><srcused Sync="TRUE"></srcused><procdate Sync="TRUE">20130129</procdate><proctime Sync="TRUE">10181400</proctime></procstep><srcinfo><srccite><citeinfo><origin>Ken Richardson</origin><pubdate>02/01/2013</pubdate><title>North Carolina Division of Coastal Management</title><onlink>http://dcm2.enr.state.nc.us/Maps/REPORT_ER_2011/Erosion_Rate_Report_2011.pdf</onlink></citeinfo></srccite></srcinfo></lineage><logic>Online report:
http://dcm2.enr.state.nc.us/Maps/REPORT_ER_2011/Erosion_Rate_Report_2011.pdf</logic></dataqual><dataIdInfo><envirDesc Sync="TRUE">Microsoft Windows XP Version 5.1 (Build 2600) Service Pack 3; ESRI ArcCatalog 9.3.1.4000</envirDesc><dataLang><languageCode Sync="TRUE" value="en"></languageCode></dataLang><idCitation><resTitle Sync="TRUE">EROSION_RATES_OCEANFRONT_2011</resTitle><presForm><PresFormCd Sync="TRUE" value="005"></PresFormCd></presForm></idCitation><spatRpType><SpatRepTypCd Sync="TRUE" value="001"></SpatRepTypCd></spatRpType><dataExt><geoEle><GeoBndBox esriExtentType="native"><westBL Sync="TRUE">2138696.974083</westBL><eastBL Sync="TRUE">3052461.577714</eastBL><northBL Sync="TRUE">1034162.440951</northBL><southBL Sync="TRUE">34345.783777</southBL><exTypeCode Sync="TRUE">1</exTypeCode></GeoBndBox></geoEle></dataExt><geoBox esriExtentType="decdegrees"><westBL Sync="TRUE">-78.543317</westBL><eastBL Sync="TRUE">-75.417257</eastBL><northBL Sync="TRUE">36.590362</northBL><southBL Sync="TRUE">33.793907</southBL><exTypeCode Sync="TRUE">1</exTypeCode></geoBox></dataIdInfo><metainfo><langmeta Sync="TRUE">en</langmeta><metstdn Sync="TRUE">FGDC Content Standards for Digital Geospatial Metadata</metstdn><metstdv Sync="TRUE">FGDC-STD-001-1998</metstdv><mettc Sync="TRUE">local time</mettc><metc><cntinfo><cntorgp><cntper>Ken Richardson</cntper><cntorg>NC DCM</cntorg></cntorgp><cntaddr><addrtype>mailing and physical address</addrtype><city>Morehead City</city><state>NC</state><postal>28557</postal><address>400 Commerce Ave</address><country>US</country></cntaddr><cntvoice>252-808-2808</cntvoice><cntpos>GIS Analyst</cntpos><cntfax>252-247-3330</cntfax><cntemail>ken.richardson</cntemail><hours>Mon. - Fri. 8AM to 5PM</hours></cntinfo></metc><metd Sync="TRUE">20130131</metd><metextns><onlink>http://dcm2.enr.state.nc.us/maps/erosion_rates_2011.htm</onlink><metprof Sync="TRUE">ESRI Metadata Profile</metprof></metextns><metsi><metsc>Unclassified</metsc></metsi><metextns><onlink Sync="TRUE">http://www.esri.com/metadata/esriprof80.html</onlink><metprof Sync="TRUE">ESRI Metadata Profile</metprof></metextns></metainfo><mdLang><languageCode Sync="TRUE" value="en"></languageCode></mdLang><mdStanName Sync="TRUE">ISO 19115 Geographic Information - Metadata</mdStanName><mdStanVer Sync="TRUE">DIS_ESRI1.0</mdStanVer><mdChar><CharSetCd Sync="TRUE" value="004"></CharSetCd></mdChar><mdHrLv><ScopeCd Sync="TRUE" value="005"></ScopeCd></mdHrLv><mdHrLvName Sync="TRUE">dataset</mdHrLvName><distinfo><resdesc Sync="TRUE">Downloadable Data</resdesc><stdorder><digform><digtinfo><transize Sync="TRUE">0.823</transize><dssize Sync="TRUE">0.823</dssize></digtinfo></digform></stdorder><distrib><cntinfo><cntperp><cntper>Ken Richardson</cntper><cntorg>NC DCM</cntorg></cntperp><cntpos>GIS Analyst</cntpos><cntaddr><addrtype>mailing and physical address</addrtype><address>400 Commerce Ave</address><city>Morehead City</city><state>NC </state><postal>28557</postal><country>US</country></cntaddr><cntvoice>252-808-2808</cntvoice><cntfax>252-247-3330</cntfax><cntemail>ken.richardson@ncdenr.gov</cntemail><hours>Mon. - Fri. 8AM to 5PM</hours></cntinfo></distrib></distinfo><spdoinfo><direct Sync="TRUE">Vector</direct><ptvctinf><esriterm Name="EROSION_RATES_OCEANFRONT_2011"><efeatyp Sync="TRUE">Simple</efeatyp><efeageom Sync="TRUE">Polyline</efeageom><esritopo Sync="TRUE">FALSE</esritopo><efeacnt Sync="TRUE">9806</efeacnt><spindex Sync="TRUE">FALSE</spindex><linrefer Sync="TRUE">FALSE</linrefer></esriterm><sdtsterm Name="EROSION_RATES_OCEANFRONT_2011"><sdtstype Sync="TRUE">String</sdtstype><ptvctcnt Sync="TRUE">9806</ptvctcnt></sdtsterm></ptvctinf></spdoinfo><spref><horizsys><cordsysn><geogcsn Sync="TRUE">GCS_North_American_1983</geogcsn><projcsn Sync="TRUE">NAD_1983_StatePlane_North_Carolina_FIPS_3200_Feet</projcsn></cordsysn><planar><planci><plance Sync="TRUE">coordinate pair</plance><plandu Sync="TRUE">survey feet</plandu><coordrep><absres Sync="TRUE">0.000000</absres><ordres Sync="TRUE">0.000000</ordres></coordrep></planci><mapproj><mapprojn Sync="TRUE">Lambert Conformal Conic</mapprojn><lambertc><stdparll Sync="TRUE">34.333333</stdparll><stdparll Sync="TRUE">36.166667</stdparll><longcm Sync="TRUE">-79.000000</longcm><latprjo Sync="TRUE">33.750000</latprjo><feast Sync="TRUE">2000000.002617</feast><fnorth Sync="TRUE">0.000000</fnorth></lambertc></mapproj></planar><geodetic><horizdn Sync="TRUE">North American Datum of 1983</horizdn><ellips Sync="TRUE">Geodetic Reference System 80</ellips><semiaxis Sync="TRUE">6378137.000000</semiaxis><denflat Sync="TRUE">298.257222</denflat></geodetic></horizsys><vertdef><altsys><altenc Sync="TRUE">Explicit elevation coordinate included with horizontal coordinates</altenc><altres Sync="TRUE">0.000100</altres></altsys></vertdef></spref><refSysInfo><RefSystem><refSysID><identCode Sync="TRUE">NAD_1983_StatePlane_North_Carolina_FIPS_3200_Feet</identCode></refSysID></RefSystem></refSysInfo><spatRepInfo><VectSpatRep><topLvl><TopoLevCd Sync="TRUE" value="001"></TopoLevCd></topLvl><geometObjs Name="EROSION_RATES_OCEANFRONT_2011"><geoObjTyp><GeoObjTypCd Sync="TRUE" value="001"></GeoObjTypCd></geoObjTyp><geoObjCnt Sync="TRUE">9806</geoObjCnt></geometObjs></VectSpatRep></spatRepInfo><eainfo><detailed Name="EROSION_RATES_OCEANFRONT_2011"><enttyp><enttypl>2011 Long-Term Average Annual Erosion Rates</enttypl><enttypt Sync="TRUE">Feature Class</enttypt><enttypc Sync="TRUE">9806</enttypc><enttypd>NC DCM</enttypd><enttypds>NC DCM</enttypds></enttyp><attr><attrlabl Sync="TRUE">FID</attrlabl><attalias Sync="TRUE">FID</attalias><attrtype Sync="TRUE">OID</attrtype><attwidth Sync="TRUE">4</attwidth><atprecis Sync="TRUE">0</atprecis><attscale Sync="TRUE">0</attscale><attrdef Sync="TRUE">Internal feature number.</attrdef><attrdefs Sync="TRUE">ESRI</attrdefs><attrdomv><udom Sync="TRUE">Sequential unique whole numbers that are automatically generated.</udom></attrdomv></attr><attr><attrlabl Sync="TRUE">OBJECTID</attrlabl><attalias Sync="TRUE">OBJECTID</attalias><attrtype Sync="TRUE">Number</attrtype><attwidth Sync="TRUE">9</attwidth><attrdef Sync="TRUE">Internal feature number.</attrdef><attrdefs Sync="TRUE">ESRI</attrdefs><attrdomv><udom Sync="TRUE">Sequential unique whole numbers that are automatically generated.</udom></attrdomv></attr><attr><attrlabl Sync="TRUE">Shape</attrlabl><attalias Sync="TRUE">Shape</attalias><attrtype Sync="TRUE">Geometry</attrtype><attwidth Sync="TRUE">0</attwidth><atprecis Sync="TRUE">0</atprecis><attscale Sync="TRUE">0</attscale><attrdef Sync="TRUE">Feature geometry.</attrdef><attrdefs Sync="TRUE">ESRI</attrdefs><attrdomv><udom Sync="TRUE">Coordinates defining the features.</udom></attrdomv></attr><attr><attrlabl Sync="TRUE">FEATURE</attrlabl><attalias Sync="TRUE">FEATURE</attalias><attrtype Sync="TRUE">String</attrtype><attwidth Sync="TRUE">50</attwidth><attrdef>Feature</attrdef><attrdefs>NC DCM</attrdefs></attr><attr><attrlabl Sync="TRUE">NCDCM_ID</attrlabl><attalias Sync="TRUE">NCDCM_ID</attalias><attrtype Sync="TRUE">Float</attrtype><attwidth Sync="TRUE">19</attwidth><attrdef>NC DCM Transect ID</attrdef><attrdefs>NC DCM</attrdefs><atnumdec Sync="TRUE">11</atnumdec></attr><attr><attrlabl Sync="TRUE">CO_NAME</attrlabl><attalias Sync="TRUE">CO_NAME</attalias><attrtype Sync="TRUE">String</attrtype><attwidth Sync="TRUE">25</attwidth><attrdef>County Name</attrdef><attrdefs>NC DCM</attrdefs></attr><attr><attrlabl Sync="TRUE">EPR_FT</attrlabl><attalias Sync="TRUE">EPR_FT</attalias><attrtype Sync="TRUE">Float</attrtype><attwidth Sync="TRUE">19</attwidth><attrdef>Change Rate (ft/yr)</attrdef><attrdefs>NC DCM</attrdefs><atnumdec Sync="TRUE">11</atnumdec></attr><attr><attrlabl Sync="TRUE">LOCATION</attrlabl><attalias Sync="TRUE">LOCATION</attalias><attrtype Sync="TRUE">String</attrtype><attwidth Sync="TRUE">65</attwidth><attrdef>Community/Beach/Barrier Island Name</attrdef><attrdefs>NC DCM</attrdefs></attr><attr><attrlabl Sync="TRUE">COMMENTS</attrlabl><attalias Sync="TRUE">COMMENTS</attalias><attrtype Sync="TRUE">String</attrtype><attwidth Sync="TRUE">200</attwidth></attr><attr><attrlabl Sync="TRUE">IHA_PROX</attrlabl><attalias Sync="TRUE">IHA_PROX</attalias><attrtype Sync="TRUE">String</attrtype><attwidth Sync="TRUE">50</attwidth><attrdef>Is the transect within the Inlet Hazard Area (current or proposed)</attrdef><attrdefs>NC DCM</attrdefs></attr><attr><attrlabl Sync="TRUE">INLET_PROX</attrlabl><attalias Sync="TRUE">INLET_PROX</attalias><attrtype Sync="TRUE">String</attrtype><attwidth Sync="TRUE">50</attwidth><attrdef>Is the transect adjacent to an inlet</attrdef><attrdefs>NC DCM</attrdefs></attr><attr><attrlabl Sync="TRUE">SD_EARLY</attrlabl><attalias Sync="TRUE">SD_EARLY</attalias><attrtype Sync="TRUE">String</attrtype><attwidth Sync="TRUE">11</attwidth><attrdef>Early Shoreline Date</attrdef><attrdefs>NC DCM</attrdefs></attr><attr><attrlabl Sync="TRUE">SD_2009</attrlabl><attalias Sync="TRUE">SD_2009</attalias><attrtype Sync="TRUE">String</attrtype><attwidth Sync="TRUE">11</attwidth><attrdef>2009 Shoreline Date</attrdef><attrdefs>NC DCM</attrdefs></attr><attr><attrlabl Sync="TRUE">SHORE_STAT</attrlabl><attalias Sync="TRUE">SHORE_STAT</attalias><attrtype Sync="TRUE">String</attrtype><attwidth Sync="TRUE">25</attwidth><attrdef>Is the shoreline accreting, eroding, or no chane</attrdef><attrdefs>NC DCM</attrdefs></attr><attr><attrlabl Sync="TRUE">Shape_Leng</attrlabl><attalias Sync="TRUE">Shape_Leng</attalias><attrtype Sync="TRUE">Float</attrtype><attwidth Sync="TRUE">19</attwidth><atnumdec Sync="TRUE">11</atnumdec></attr></detailed></eainfo><mdDateSt Sync="TRUE">20130131</mdDateSt></metadata>
