<?xml version="1.0"?>
<!--<!DOCTYPE metadata SYSTEM "http://www.esri.com/metadata/esriprof80.dtd">-->
<metadata xml:lang="en"><Esri><MetaID>{EC92C0A0-79FE-4458-A73E-B823AF8A770D}</MetaID><CreaDate>20061106</CreaDate><CreaTime>11133100</CreaTime><SyncOnce>TRUE</SyncOnce><DataProperties><lineage><Process Name="Merge_5" ToolSource="C:\Program Files\ArcGIS\ArcToolbox\Toolboxes\Data Management Tools.tbx\Merge" Date="20061106" Time="111331">Merge Shoreline_2004_Photo_NewRiver;Shoreline_2003_Photo_NewRiver;Shoreline_1934_MHW_NewRiver;Shoreline_1952_MHW_NewRiver;Shoreline_1971_Photo_NewRiver;Shoreline_1973_MHW_NewRiver;Shoreline_1974_Photo_NewRiver;Shoreline_1977_Photo_NewRiver;Shoreline_1984_Photo_NewRiver;Shoreline_1992_Photo_NewRiver;Shoreline_1995_Photo_NewRiver;Shoreline_1997_MHW_NewRiver;Shoreline_1998_Photo_NewRiver;Shoreline_2000_Photo_NewRiver C:\DCM_GIS\newriver_inlet_shrlines.shp "SHR_DATE SHR_DATE true true false 8 Date 0 0 ,First,#,Shoreline_2004_Photo_NewRiver,SHR_DATE,-1,-1,Shoreline_2003_Photo_NewRiver,SHR_DATE,-1,-1,Shoreline_1934_MHW_NewRiver,SHR_DATE,-1,-1,Shoreline_1952_MHW_NewRiver,SHR_DATE,-1,-1,Shoreline_1971_Photo_NewRiver,SHR_DATE,-1,-1,Shoreline_1973_MHW_NewRiver,SHR_DATE,-1,-1,Shoreline_1974_Photo_NewRiver,SHR_DATE,-1,-1,Shoreline_1977_Photo_NewRiver,SHR_DATE,-1,-1,Shoreline_1984_Photo_NewRiver,SHR_DATE,-1,-1,Shoreline_1992_Photo_NewRiver,SHR_DATE,-1,-1,Shoreline_1995_Photo_NewRiver,SHR_DATE,-1,-1,Shoreline_1997_MHW_NewRiver,SHR_DATE,-1,-1,Shoreline_1998_Photo_NewRiver,SHR_DATE,-1,-1,Shoreline_2000_Photo_NewRiver,SHR_DATE,-1,-1;SHR_YEAR SHR_YEAR true true false 2 Short 0 0 ,First,#,Shoreline_2004_Photo_NewRiver,SHR_YEAR,-1,-1,Shoreline_2003_Photo_NewRiver,SHR_YEAR,-1,-1,Shoreline_1934_MHW_NewRiver,SHR_YEAR,-1,-1,Shoreline_1952_MHW_NewRiver,SHR_YEAR,-1,-1,Shoreline_1971_Photo_NewRiver,SHR_YEAR,-1,-1,Shoreline_1973_MHW_NewRiver,SHR_YEAR,-1,-1,Shoreline_1974_Photo_NewRiver,SHR_YEAR,-1,-1,Shoreline_1977_Photo_NewRiver,SHR_YEAR,-1,-1,Shoreline_1984_Photo_NewRiver,SHR_YEAR,-1,-1,Shoreline_1992_Photo_NewRiver,SHR_YEAR,-1,-1,Shoreline_1995_Photo_NewRiver,SHR_YEAR,-1,-1,Shoreline_1997_MHW_NewRiver,SHR_YEAR,-1,-1,Shoreline_1998_Photo_NewRiver,SHR_YEAR,-1,-1,Shoreline_2000_Photo_NewRiver,SHR_YEAR,-1,-1;SHR_TIME SHR_TIME true true false 2 Short 0 0 ,First,#,Shoreline_2004_Photo_NewRiver,SHR_TIME,-1,-1,Shoreline_2003_Photo_NewRiver,SHR_TIME,-1,-1,Shoreline_1971_Photo_NewRiver,SHR_TIME,-1,-1,Shoreline_1974_Photo_NewRiver,SHR_TIME,-1,-1,Shoreline_1977_Photo_NewRiver,SHR_TIME,-1,-1,Shoreline_1984_Photo_NewRiver,SHR_TIME,-1,-1,Shoreline_1992_Photo_NewRiver,SHR_TIME,-1,-1,Shoreline_1995_Photo_NewRiver,SHR_TIME,-1,-1,Shoreline_2000_Photo_NewRiver,SHR_TIME,-1,-1;FEATURE FEATURE true true false 30 Text 0 0 ,First,#,Shoreline_2004_Photo_NewRiver,FEATURE,-1,-1,Shoreline_2003_Photo_NewRiver,FEATURE,-1,-1,Shoreline_1934_MHW_NewRiver,FEATURE,-1,-1,Shoreline_1952_MHW_NewRiver,FEATURE,-1,-1,Shoreline_1971_Photo_NewRiver,FEATURE,-1,-1,Shoreline_1973_MHW_NewRiver,FEATURE,-1,-1,Shoreline_1974_Photo_NewRiver,FEATURE,-1,-1,Shoreline_1977_Photo_NewRiver,FEATURE,-1,-1,Shoreline_1984_Photo_NewRiver,FEATURE,-1,-1,Shoreline_1992_Photo_NewRiver,FEATURE,-1,-1,Shoreline_1995_Photo_NewRiver,FEATURE,-1,-1,Shoreline_1997_MHW_NewRiver,FEATURE,-1,-1,Shoreline_1998_Photo_NewRiver,FEATURE,-1,-1,Shoreline_2000_Photo_NewRiver,FEATURE,-1,-1;SOURCE SOURCE true true false 30 Text 0 0 ,First,#,Shoreline_2004_Photo_NewRiver,SOURCE,-1,-1,Shoreline_2003_Photo_NewRiver,SOURCE,-1,-1,Shoreline_1934_MHW_NewRiver,SOURCE,-1,-1,Shoreline_1952_MHW_NewRiver,SOURCE,-1,-1,Shoreline_1971_Photo_NewRiver,SOURCE,-1,-1,Shoreline_1973_MHW_NewRiver,SOURCE,-1,-1,Shoreline_1974_Photo_NewRiver,SOURCE,-1,-1,Shoreline_1977_Photo_NewRiver,SOURCE,-1,-1,Shoreline_1984_Photo_NewRiver,SOURCE,-1,-1,Shoreline_1992_Photo_NewRiver,SOURCE,-1,-1,Shoreline_1995_Photo_NewRiver,SOURCE,-1,-1,Shoreline_1997_MHW_NewRiver,SOURCE,-1,-1,Shoreline_1998_Photo_NewRiver,SOURCE,-1,-1,Shoreline_2000_Photo_NewRiver,SOURCE,-1,-1;MISSION MISSION true true false 20 Text 0 0 ,First,#,Shoreline_2004_Photo_NewRiver,MISSION,-1,-1,Shoreline_2003_Photo_NewRiver,MISSION,-1,-1,Shoreline_1971_Photo_NewRiver,MISSION,-1,-1,Shoreline_1974_Photo_NewRiver,MISSION,-1,-1,Shoreline_1977_Photo_NewRiver,MISSION,-1,-1,Shoreline_1984_Photo_NewRiver,MISSION,-1,-1,Shoreline_1992_Photo_NewRiver,MISSION,-1,-1,Shoreline_1995_Photo_NewRiver,MISSION,-1,-1,Shoreline_2000_Photo_NewRiver,MISSION,-1,-1;GIS_DATE GIS_DATE true true false 8 Date 0 0 ,First,#,Shoreline_2004_Photo_NewRiver,GIS_DATE,-1,-1,Shoreline_2003_Photo_NewRiver,GIS_DATE,-1,-1,Shoreline_1971_Photo_NewRiver,GIS_DATE,-1,-1,Shoreline_1974_Photo_NewRiver,GIS_DATE,-1,-1,Shoreline_1977_Photo_NewRiver,GIS_DATE,-1,-1,Shoreline_1984_Photo_NewRiver,GIS_DATE,-1,-1,Shoreline_1992_Photo_NewRiver,GIS_DATE,-1,-1,Shoreline_1995_Photo_NewRiver,GIS_DATE,-1,-1,Shoreline_2000_Photo_NewRiver,GIS_DATE,-1,-1;ANALYST ANALYST true true false 3 Text 0 0 ,First,#,Shoreline_2004_Photo_NewRiver,ANALYST,-1,-1,Shoreline_2003_Photo_NewRiver,ANALYST,-1,-1,Shoreline_1971_Photo_NewRiver,ANALYST,-1,-1,Shoreline_1974_Photo_NewRiver,ANALYST,-1,-1,Shoreline_1977_Photo_NewRiver,ANALYST,-1,-1,Shoreline_1984_Photo_NewRiver,ANALYST,-1,-1,Shoreline_1992_Photo_NewRiver,ANALYST,-1,-1,Shoreline_1995_Photo_NewRiver,ANALYST,-1,-1,Shoreline_2000_Photo_NewRiver,ANALYST,-1,-1;SHAPE_Leng SHAPE_Length false true true 8 Double 0 0 ,First,#,Shoreline_2004_Photo_NewRiver,SHAPE_Length,-1,-1,Shoreline_2003_Photo_NewRiver,SHAPE_Length,-1,-1,Shoreline_1934_MHW_NewRiver,Shape_Length,-1,-1,Shoreline_1952_MHW_NewRiver,Shape_Length,-1,-1,Shoreline_1971_Photo_NewRiver,SHAPE_Length,-1,-1,Shoreline_1973_MHW_NewRiver,Shape_Length,-1,-1,Shoreline_1974_Photo_NewRiver,SHAPE_Length,-1,-1,Shoreline_1977_Photo_NewRiver,SHAPE_Length,-1,-1,Shoreline_1984_Photo_NewRiver,SHAPE_Length,-1,-1,Shoreline_1992_Photo_NewRiver,SHAPE_Length,-1,-1,Shoreline_1995_Photo_NewRiver,SHAPE_Length,-1,-1,Shoreline_1997_MHW_NewRiver,Shape_Length,-1,-1,Shoreline_1998_Photo_NewRiver,Shape_Length,-1,-1,Shoreline_2000_Photo_NewRiver,SHAPE_Length,-1,-1;ID ID true true false 4 Long 0 0 ,First,#,Shoreline_1934_MHW_NewRiver,ID,-1,-1,Shoreline_1973_MHW_NewRiver,ID,-1,-1,Shoreline_1997_MHW_NewRiver,ID,-1,-1,Shoreline_1998_Photo_NewRiver,ID,-1,-1;TS_NUMBER NOS T-Sheet Number true true false 50 Text 0 0 ,First,#,Shoreline_1952_MHW_NewRiver,TS_NUMBER,-1,-1;TS_INDEX NOS T-Sheet Index true true false 50 Text 0 0 ,First,#,Shoreline_1952_MHW_NewRiver,TS_INDEX,-1,-1"</Process></lineage></DataProperties></Esri></metadata>
