<?xml version="1.0"?>
<!--<!DOCTYPE metadata SYSTEM "http://www.esri.com/metadata/esriprof80.dtd">-->
<metadata xml:lang="en"><Esri><MetaID>{3FC7AD21-A716-49EA-BA1E-4C225CB98DC3}</MetaID><CreaDate>20060419</CreaDate><CreaTime>15095800</CreaTime><SyncOnce>TRUE</SyncOnce><DataProperties><lineage><Process Name="Merge_3" ToolSource="C:\Program Files\ArcGIS\ArcToolbox\Toolboxes\Data Management Tools.tbx\Merge" Date="20060419" Time="150958">Merge 'Database Connections\COASTAL_HAZARDS.sde\COASTAL_HAZARDS.GISDATA.PROJECT_AEC_SHALLOTTE\COASTAL_HAZARDS.GISDATA.Shoreline_1938_Photo_Shallotte';'Database Connections\COASTAL_HAZARDS.sde\COASTAL_HAZARDS.GISDATA.PROJECT_AEC_SHALLOTTE\COASTAL_HAZARDS.GISDATA.Shoreline_1944_MHW_Shallotte';'Database Connections\COASTAL_HAZARDS.sde\COASTAL_HAZARDS.GISDATA.PROJECT_AEC_SHALLOTTE\COASTAL_HAZARDS.GISDATA.Shoreline_1954_Photo_Shallotte';'Database Connections\COASTAL_HAZARDS.sde\COASTAL_HAZARDS.GISDATA.PROJECT_AEC_SHALLOTTE\COASTAL_HAZARDS.GISDATA.Shoreline_1958_Photo_Shallotte';'Database Connections\COASTAL_HAZARDS.sde\COASTAL_HAZARDS.GISDATA.PROJECT_AEC_SHALLOTTE\COASTAL_HAZARDS.GISDATA.Shoreline_1970_Photo_Shallotte';'Database Connections\COASTAL_HAZARDS.sde\COASTAL_HAZARDS.GISDATA.PROJECT_AEC_SHALLOTTE\COASTAL_HAZARDS.GISDATA.Shoreline_1981_Photo_Shallotte';'Database Connections\COASTAL_HAZARDS.sde\COASTAL_HAZARDS.GISDATA.PROJECT_AEC_SHALLOTTE\COASTAL_HAZARDS.GISDATA.Shoreline_1992_Photo_Shallotte';'Database Connections\COASTAL_HAZARDS.sde\COASTAL_HAZARDS.GISDATA.PROJECT_AEC_SHALLOTTE\COASTAL_HAZARDS.GISDATA.Shoreline_1998_Photo_Shallotte';'Database Connections\COASTAL_HAZARDS.sde\COASTAL_HAZARDS.GISDATA.PROJECT_AEC_SHALLOTTE\COASTAL_HAZARDS.GISDATA.Shoreline_2003_Photo_Shallotte' \\Gisnt7\d\ArcIMS\Website\ncshore\Data_Download\shorelines_shallotte_inlet.shp "FEATURE FEATURE true true false 50 Text 0 0 ,First,#,Database Connections\COASTAL_HAZARDS.sde\COASTAL_HAZARDS.GISDATA.PROJECT_AEC_SHALLOTTE\COASTAL_HAZARDS.GISDATA.Shoreline_1938_Photo_Shallotte,FEATURE,-1,-1,Database Connections\COASTAL_HAZARDS.sde\COASTAL_HAZARDS.GISDATA.PROJECT_AEC_SHALLOTTE\COASTAL_HAZARDS.GISDATA.Shoreline_1944_MHW_Shallotte,FEATURE,-1,-1,Database Connections\COASTAL_HAZARDS.sde\COASTAL_HAZARDS.GISDATA.PROJECT_AEC_SHALLOTTE\COASTAL_HAZARDS.GISDATA.Shoreline_1954_Photo_Shallotte,FEATURE,-1,-1,Database Connections\COASTAL_HAZARDS.sde\COASTAL_HAZARDS.GISDATA.PROJECT_AEC_SHALLOTTE\COASTAL_HAZARDS.GISDATA.Shoreline_1958_Photo_Shallotte,FEATURE,-1,-1,Database Connections\COASTAL_HAZARDS.sde\COASTAL_HAZARDS.GISDATA.PROJECT_AEC_SHALLOTTE\COASTAL_HAZARDS.GISDATA.Shoreline_1970_Photo_Shallotte,FEATURE,-1,-1,Database Connections\COASTAL_HAZARDS.sde\COASTAL_HAZARDS.GISDATA.PROJECT_AEC_SHALLOTTE\COASTAL_HAZARDS.GISDATA.Shoreline_1981_Photo_Shallotte,FEATURE,-1,-1,Database Connections\COASTAL_HAZARDS.sde\COASTAL_HAZARDS.GISDATA.PROJECT_AEC_SHALLOTTE\COASTAL_HAZARDS.GISDATA.Shoreline_1992_Photo_Shallotte,FEATURE,-1,-1,Database Connections\COASTAL_HAZARDS.sde\COASTAL_HAZARDS.GISDATA.PROJECT_AEC_SHALLOTTE\COASTAL_HAZARDS.GISDATA.Shoreline_1998_Photo_Shallotte,FEATURE,-1,-1,Database Connections\COASTAL_HAZARDS.sde\COASTAL_HAZARDS.GISDATA.PROJECT_AEC_SHALLOTTE\COASTAL_HAZARDS.GISDATA.Shoreline_2003_Photo_Shallotte,FEATURE,-1,-1;SOURCE SOURCE true true false 50 Text 0 0 ,First,#,Database Connections\COASTAL_HAZARDS.sde\COASTAL_HAZARDS.GISDATA.PROJECT_AEC_SHALLOTTE\COASTAL_HAZARDS.GISDATA.Shoreline_1938_Photo_Shallotte,SOURCE,-1,-1,Database Connections\COASTAL_HAZARDS.sde\COASTAL_HAZARDS.GISDATA.PROJECT_AEC_SHALLOTTE\COASTAL_HAZARDS.GISDATA.Shoreline_1944_MHW_Shallotte,SOURCE,-1,-1,Database Connections\COASTAL_HAZARDS.sde\COASTAL_HAZARDS.GISDATA.PROJECT_AEC_SHALLOTTE\COASTAL_HAZARDS.GISDATA.Shoreline_1954_Photo_Shallotte,SOURCE,-1,-1,Database Connections\COASTAL_HAZARDS.sde\COASTAL_HAZARDS.GISDATA.PROJECT_AEC_SHALLOTTE\COASTAL_HAZARDS.GISDATA.Shoreline_1958_Photo_Shallotte,SOURCE,-1,-1,Database Connections\COASTAL_HAZARDS.sde\COASTAL_HAZARDS.GISDATA.PROJECT_AEC_SHALLOTTE\COASTAL_HAZARDS.GISDATA.Shoreline_1970_Photo_Shallotte,SOURCE,-1,-1,Database Connections\COASTAL_HAZARDS.sde\COASTAL_HAZARDS.GISDATA.PROJECT_AEC_SHALLOTTE\COASTAL_HAZARDS.GISDATA.Shoreline_1981_Photo_Shallotte,SOURCE,-1,-1,Database Connections\COASTAL_HAZARDS.sde\COASTAL_HAZARDS.GISDATA.PROJECT_AEC_SHALLOTTE\COASTAL_HAZARDS.GISDATA.Shoreline_1992_Photo_Shallotte,SOURCE,-1,-1,Database Connections\COASTAL_HAZARDS.sde\COASTAL_HAZARDS.GISDATA.PROJECT_AEC_SHALLOTTE\COASTAL_HAZARDS.GISDATA.Shoreline_1998_Photo_Shallotte,SOURCE,-1,-1,Database Connections\COASTAL_HAZARDS.sde\COASTAL_HAZARDS.GISDATA.PROJECT_AEC_SHALLOTTE\COASTAL_HAZARDS.GISDATA.Shoreline_2003_Photo_Shallotte,SOURCE,-1,-1;SHR_DATE SHR_DATE true true false 36 Date 0 0 ,First,#,Database Connections\COASTAL_HAZARDS.sde\COASTAL_HAZARDS.GISDATA.PROJECT_AEC_SHALLOTTE\COASTAL_HAZARDS.GISDATA.Shoreline_1938_Photo_Shallotte,SHR_DATE,-1,-1,Database Connections\COASTAL_HAZARDS.sde\COASTAL_HAZARDS.GISDATA.PROJECT_AEC_SHALLOTTE\COASTAL_HAZARDS.GISDATA.Shoreline_1944_MHW_Shallotte,SHR_DATE,-1,-1,Database Connections\COASTAL_HAZARDS.sde\COASTAL_HAZARDS.GISDATA.PROJECT_AEC_SHALLOTTE\COASTAL_HAZARDS.GISDATA.Shoreline_1954_Photo_Shallotte,SHR_DATE,-1,-1,Database Connections\COASTAL_HAZARDS.sde\COASTAL_HAZARDS.GISDATA.PROJECT_AEC_SHALLOTTE\COASTAL_HAZARDS.GISDATA.Shoreline_1958_Photo_Shallotte,SHR_DATE,-1,-1,Database Connections\COASTAL_HAZARDS.sde\COASTAL_HAZARDS.GISDATA.PROJECT_AEC_SHALLOTTE\COASTAL_HAZARDS.GISDATA.Shoreline_1970_Photo_Shallotte,SHR_DATE,-1,-1,Database Connections\COASTAL_HAZARDS.sde\COASTAL_HAZARDS.GISDATA.PROJECT_AEC_SHALLOTTE\COASTAL_HAZARDS.GISDATA.Shoreline_1981_Photo_Shallotte,SHR_DATE,-1,-1,Database Connections\COASTAL_HAZARDS.sde\COASTAL_HAZARDS.GISDATA.PROJECT_AEC_SHALLOTTE\COASTAL_HAZARDS.GISDATA.Shoreline_1992_Photo_Shallotte,SHR_DATE,-1,-1,Database Connections\COASTAL_HAZARDS.sde\COASTAL_HAZARDS.GISDATA.PROJECT_AEC_SHALLOTTE\COASTAL_HAZARDS.GISDATA.Shoreline_1998_Photo_Shallotte,SHR_DATE,-1,-1,Database Connections\COASTAL_HAZARDS.sde\COASTAL_HAZARDS.GISDATA.PROJECT_AEC_SHALLOTTE\COASTAL_HAZARDS.GISDATA.Shoreline_2003_Photo_Shallotte,SHR_DATE,-1,-1;SHR_YEAR SHR_YEAR true true false 2 Short 0 5 ,First,#,Database Connections\COASTAL_HAZARDS.sde\COASTAL_HAZARDS.GISDATA.PROJECT_AEC_SHALLOTTE\COASTAL_HAZARDS.GISDATA.Shoreline_1938_Photo_Shallotte,SHR_YEAR,-1,-1,Database Connections\COASTAL_HAZARDS.sde\COASTAL_HAZARDS.GISDATA.PROJECT_AEC_SHALLOTTE\COASTAL_HAZARDS.GISDATA.Shoreline_1944_MHW_Shallotte,SHR_YEAR,-1,-1,Database Connections\COASTAL_HAZARDS.sde\COASTAL_HAZARDS.GISDATA.PROJECT_AEC_SHALLOTTE\COASTAL_HAZARDS.GISDATA.Shoreline_1954_Photo_Shallotte,SHR_YEAR,-1,-1,Database Connections\COASTAL_HAZARDS.sde\COASTAL_HAZARDS.GISDATA.PROJECT_AEC_SHALLOTTE\COASTAL_HAZARDS.GISDATA.Shoreline_1958_Photo_Shallotte,SHR_YEAR,-1,-1,Database Connections\COASTAL_HAZARDS.sde\COASTAL_HAZARDS.GISDATA.PROJECT_AEC_SHALLOTTE\COASTAL_HAZARDS.GISDATA.Shoreline_1970_Photo_Shallotte,SHR_YEAR,-1,-1,Database Connections\COASTAL_HAZARDS.sde\COASTAL_HAZARDS.GISDATA.PROJECT_AEC_SHALLOTTE\COASTAL_HAZARDS.GISDATA.Shoreline_1981_Photo_Shallotte,SHR_YEAR,-1,-1,Database Connections\COASTAL_HAZARDS.sde\COASTAL_HAZARDS.GISDATA.PROJECT_AEC_SHALLOTTE\COASTAL_HAZARDS.GISDATA.Shoreline_1992_Photo_Shallotte,SHR_YEAR,-1,-1,Database Connections\COASTAL_HAZARDS.sde\COASTAL_HAZARDS.GISDATA.PROJECT_AEC_SHALLOTTE\COASTAL_HAZARDS.GISDATA.Shoreline_1998_Photo_Shallotte,SHR_YEAR,-1,-1,Database Connections\COASTAL_HAZARDS.sde\COASTAL_HAZARDS.GISDATA.PROJECT_AEC_SHALLOTTE\COASTAL_HAZARDS.GISDATA.Shoreline_2003_Photo_Shallotte,SHR_YEAR,-1,-1;SHAPE_len SHAPE_len false false true 0 Double 0 0 ,First,#,Database Connections\COASTAL_HAZARDS.sde\COASTAL_HAZARDS.GISDATA.PROJECT_AEC_SHALLOTTE\COASTAL_HAZARDS.GISDATA.Shoreline_1938_Photo_Shallotte,SHAPE.len,-1,-1,Database Connections\COASTAL_HAZARDS.sde\COASTAL_HAZARDS.GISDATA.PROJECT_AEC_SHALLOTTE\COASTAL_HAZARDS.GISDATA.Shoreline_1944_MHW_Shallotte,SHAPE.len,-1,-1,Database Connections\COASTAL_HAZARDS.sde\COASTAL_HAZARDS.GISDATA.PROJECT_AEC_SHALLOTTE\COASTAL_HAZARDS.GISDATA.Shoreline_1954_Photo_Shallotte,SHAPE.len,-1,-1,Database Connections\COASTAL_HAZARDS.sde\COASTAL_HAZARDS.GISDATA.PROJECT_AEC_SHALLOTTE\COASTAL_HAZARDS.GISDATA.Shoreline_1958_Photo_Shallotte,SHAPE.len,-1,-1,Database Connections\COASTAL_HAZARDS.sde\COASTAL_HAZARDS.GISDATA.PROJECT_AEC_SHALLOTTE\COASTAL_HAZARDS.GISDATA.Shoreline_1970_Photo_Shallotte,SHAPE.len,-1,-1,Database Connections\COASTAL_HAZARDS.sde\COASTAL_HAZARDS.GISDATA.PROJECT_AEC_SHALLOTTE\COASTAL_HAZARDS.GISDATA.Shoreline_1981_Photo_Shallotte,SHAPE.len,-1,-1,Database Connections\COASTAL_HAZARDS.sde\COASTAL_HAZARDS.GISDATA.PROJECT_AEC_SHALLOTTE\COASTAL_HAZARDS.GISDATA.Shoreline_1992_Photo_Shallotte,SHAPE.len,-1,-1,Database Connections\COASTAL_HAZARDS.sde\COASTAL_HAZARDS.GISDATA.PROJECT_AEC_SHALLOTTE\COASTAL_HAZARDS.GISDATA.Shoreline_1998_Photo_Shallotte,SHAPE.len,-1,-1,Database Connections\COASTAL_HAZARDS.sde\COASTAL_HAZARDS.GISDATA.PROJECT_AEC_SHALLOTTE\COASTAL_HAZARDS.GISDATA.Shoreline_2003_Photo_Shallotte,SHAPE.len,-1,-1;LENGTH LENGTH true true false 8 Double 5 16 ,First,#,Database Connections\COASTAL_HAZARDS.sde\COASTAL_HAZARDS.GISDATA.PROJECT_AEC_SHALLOTTE\COASTAL_HAZARDS.GISDATA.Shoreline_1944_MHW_Shallotte,LENGTH,-1,-1;SCALE SCALE true true false 4 Long 0 10 ,First,#,Database Connections\COASTAL_HAZARDS.sde\COASTAL_HAZARDS.GISDATA.PROJECT_AEC_SHALLOTTE\COASTAL_HAZARDS.GISDATA.Shoreline_1944_MHW_Shallotte,SCALE,-1,-1;SURVEYDATE SURVEYDATE true true false 36 Date 0 0 ,First,#,Database Connections\COASTAL_HAZARDS.sde\COASTAL_HAZARDS.GISDATA.PROJECT_AEC_SHALLOTTE\COASTAL_HAZARDS.GISDATA.Shoreline_1944_MHW_Shallotte,SURVEYDATE,-1,-1;GISDATE GISDATE true true false 36 Date 0 0 ,First,#,Database Connections\COASTAL_HAZARDS.sde\COASTAL_HAZARDS.GISDATA.PROJECT_AEC_SHALLOTTE\COASTAL_HAZARDS.GISDATA.Shoreline_1944_MHW_Shallotte,GISDATE,-1,-1;TS_NUM TS_NUM true true false 50 Text 0 0 ,First,#,Database Connections\COASTAL_HAZARDS.sde\COASTAL_HAZARDS.GISDATA.PROJECT_AEC_SHALLOTTE\COASTAL_HAZARDS.GISDATA.Shoreline_1944_MHW_Shallotte,TS_NUM,-1,-1;TS_INDEX TS_INDEX true true false 50 Text 0 0 ,First,#,Database Connections\COASTAL_HAZARDS.sde\COASTAL_HAZARDS.GISDATA.PROJECT_AEC_SHALLOTTE\COASTAL_HAZARDS.GISDATA.Shoreline_1944_MHW_Shallotte,TS_INDEX,-1,-1;ID ID true true false 4 Long 0 10 ,First,#,Database Connections\COASTAL_HAZARDS.sde\COASTAL_HAZARDS.GISDATA.PROJECT_AEC_SHALLOTTE\COASTAL_HAZARDS.GISDATA.Shoreline_1998_Photo_Shallotte,ID,-1,-1;CTY CTY true true false 30 Text 0 0 ,First,#,Database Connections\COASTAL_HAZARDS.sde\COASTAL_HAZARDS.GISDATA.PROJECT_AEC_SHALLOTTE\COASTAL_HAZARDS.GISDATA.Shoreline_1998_Photo_Shallotte,CTY,-1,-1;ISL ISL true true false 30 Text 0 0 ,First,#,Database Connections\COASTAL_HAZARDS.sde\COASTAL_HAZARDS.GISDATA.PROJECT_AEC_SHALLOTTE\COASTAL_HAZARDS.GISDATA.Shoreline_1998_Photo_Shallotte,ISL,-1,-1"</Process></lineage></DataProperties></Esri></metadata>
