<?xml version="1.0"?>
<!--<!DOCTYPE metadata SYSTEM "http://www.esri.com/metadata/esriprof80.dtd">-->
<metadata xml:lang="en"><Esri><MetaID>{7896F7A2-2B98-44DD-865A-1A960FE540AF}</MetaID><CreaDate>20060424</CreaDate><CreaTime>09121600</CreaTime><SyncOnce>TRUE</SyncOnce><DataProperties><lineage><Process Name="Create Feature Class" ToolSource="C:\Program Files\ArcGIS\ArcToolbox\Toolboxes\Data Management Tools.tbx\CreateFeatureclass" Date="20060424" Time="091216">CreateFeatureclass \\Gisnt7\d\ArcIMS\Website\ncshore\Data_Download Transects # GISDATA_Layer SAME_AS_TEMPLATE SAME_AS_TEMPLATE "PROJCS['NAD_1983_StatePlane_North_Carolina_FIPS_3200_Feet',GEOGCS['GCS_North_American_1983',DATUM['D_North_American_1983',SPHEROID['GRS_1980',6378137.0,298.257222101]],PRIMEM['Greenwich',0.0],UNIT['Degree',0.0174532925199433]],PROJECTION['Lambert_Conformal_Conic'],PARAMETER['False_Easting',2000000.002616666],PARAMETER['False_Northing',0.0],PARAMETER['Central_Meridian',-79.0],PARAMETER['Standard_Parallel_1',34.33333333333334],PARAMETER['Standard_Parallel_2',36.16666666666666],PARAMETER['Latitude_Of_Origin',33.75],UNIT['Foot_US',0.3048006096012192]];500000 -650000 765.823931190508;0 1;0 1" # 0 0 0 \\Gisnt7\d\ArcIMS\Website\ncshore\Data_Download\Transects.shp</Process><Process Name="Append" ToolSource="C:\Program Files\ArcGIS\ArcToolbox\Toolboxes\Data Management Tools.tbx\Append" Date="20060424" Time="091222">Append GISDATA_Layer \\Gisnt7\d\ArcIMS\Website\ncshore\Data_Download\Transects.shp TEST \\Gisnt7\d\ArcIMS\Website\ncshore\Data_Download\Transects.shp</Process><Process ToolSource="C:\Program Files\ArcGIS\ArcToolbox\Toolboxes\Conversion Tools.tbx\FeatureClassToFeatureClass" Date="20060424" Time="091223">FeatureClassToFeatureClass "Database Connections\COASTAL_HAZARDS.sde\COASTAL_HAZARDS.GISDATA.EROSION_RATES\COASTAL_HAZARDS.GISDATA.Transects_50_Meter" \\Gisnt7\d\ArcIMS\Website\ncshore\Data_Download Transects # "FEATURE FEATURE VISIBLE;NCDCM_ID NCDCM_ID VISIBLE;DOLAN_ID DOLAN_ID VISIBLE;CO_NAME CO_NAME VISIBLE;F_DATE F_DATE VISIBLE;GRAPH_X GRAPH_X VISIBLE;SHAPE.len SHAPE.len VISIBLE" SAME_AS_TEMPLATE SAME_AS_TEMPLATE # 0 \\Gisnt7\d\ArcIMS\Website\ncshore\Data_Download\Transects.shp</Process></lineage></DataProperties></Esri></metadata>
