<?xml version="1.0"?>
<!--<!DOCTYPE metadata SYSTEM "http://www.esri.com/metadata/esriprof80.dtd">-->
<metadata xml:lang="en"><Esri><MetaID>{F8B8D13F-28D0-42D7-A7AA-77C9A9098760}</MetaID><CreaDate>20061106</CreaDate><CreaTime>11173000</CreaTime><SyncOnce>TRUE</SyncOnce><DataProperties><lineage><Process Name="Merge_6" ToolSource="C:\Program Files\ArcGIS\ArcToolbox\Toolboxes\Data Management Tools.tbx\Merge" Date="20061106" Time="111730">Merge Shoreline_2004_Photo_NewTopsail;Shoreline_2003_Photo_NewTopsail;Shoreline_1934_MHW_NewTopsail;Shoreline_1944_MHW_NewTopsail;Shoreline_1971_Photo_NewTopsail;Shoreline_1973_MHW_NewTopsail;Shoreline_1974_Photo_NewTopsail;Shoreline_1977_Photo_NewTopsail;Shoreline_1984_Photo_NewTopsail;Shoreline_1992_Photo_NewTopsail;Shoreline_1995_Photo_NewTopsail;Shoreline_1997_MHW_NewTopsail;Shoreline_2000_Photo_NewTopsail C:\DCM_GIS\newtopsail_inlet_shrlines.shp "SHR_DATE SHR_DATE true true false 8 Date 0 0 ,First,#,Shoreline_2004_Photo_NewTopsail,SHR_DATE,-1,-1,Shoreline_2003_Photo_NewTopsail,SHR_DATE,-1,-1,Shoreline_1934_MHW_NewTopsail,SHR_DATE,-1,-1,Shoreline_1944_MHW_NewTopsail,SHR_DATE,-1,-1,Shoreline_1971_Photo_NewTopsail,SHR_DATE,-1,-1,Shoreline_1973_MHW_NewTopsail,SHR_DATE,-1,-1,Shoreline_1974_Photo_NewTopsail,SHR_DATE,-1,-1,Shoreline_1977_Photo_NewTopsail,SHR_DATE,-1,-1,Shoreline_1984_Photo_NewTopsail,SHR_DATE,-1,-1,Shoreline_1992_Photo_NewTopsail,SHR_DATE,-1,-1,Shoreline_1995_Photo_NewTopsail,SHR_DATE,-1,-1,Shoreline_1997_MHW_NewTopsail,SHR_DATE,-1,-1,Shoreline_2000_Photo_NewTopsail,SHR_DATE,-1,-1;SHR_YEAR SHR_YEAR true true false 2 Short 0 0 ,First,#,Shoreline_2004_Photo_NewTopsail,SHR_YEAR,-1,-1,Shoreline_2003_Photo_NewTopsail,SHR_YEAR,-1,-1,Shoreline_1934_MHW_NewTopsail,SHR_YEAR,-1,-1,Shoreline_1944_MHW_NewTopsail,SHR_YEAR,-1,-1,Shoreline_1971_Photo_NewTopsail,SHR_YEAR,-1,-1,Shoreline_1973_MHW_NewTopsail,SHR_YEAR,-1,-1,Shoreline_1974_Photo_NewTopsail,SHR_YEAR,-1,-1,Shoreline_1977_Photo_NewTopsail,SHR_YEAR,-1,-1,Shoreline_1984_Photo_NewTopsail,SHR_YEAR,-1,-1,Shoreline_1992_Photo_NewTopsail,SHR_YEAR,-1,-1,Shoreline_1995_Photo_NewTopsail,SHR_YEAR,-1,-1,Shoreline_1997_MHW_NewTopsail,SHR_YEAR,-1,-1,Shoreline_2000_Photo_NewTopsail,SHR_YEAR,-1,-1;SHR_TIME SHR_TIME true true false 2 Short 0 0 ,First,#,Shoreline_2004_Photo_NewTopsail,SHR_TIME,-1,-1,Shoreline_2003_Photo_NewTopsail,SHR_TIME,-1,-1,Shoreline_1971_Photo_NewTopsail,SHR_TIME,-1,-1,Shoreline_1974_Photo_NewTopsail,SHR_TIME,-1,-1,Shoreline_1977_Photo_NewTopsail,SHR_TIME,-1,-1,Shoreline_1984_Photo_NewTopsail,SHR_TIME,-1,-1,Shoreline_1992_Photo_NewTopsail,SHR_TIME,-1,-1,Shoreline_1995_Photo_NewTopsail,SHR_TIME,-1,-1,Shoreline_2000_Photo_NewTopsail,SHR_TIME,-1,-1;FEATURE FEATURE true true false 30 Text 0 0 ,First,#,Shoreline_2004_Photo_NewTopsail,FEATURE,-1,-1,Shoreline_2003_Photo_NewTopsail,FEATURE,-1,-1,Shoreline_1934_MHW_NewTopsail,FEATURE,-1,-1,Shoreline_1944_MHW_NewTopsail,FEATURE,-1,-1,Shoreline_1971_Photo_NewTopsail,FEATURE,-1,-1,Shoreline_1973_MHW_NewTopsail,FEATURE,-1,-1,Shoreline_1974_Photo_NewTopsail,FEATURE,-1,-1,Shoreline_1977_Photo_NewTopsail,FEATURE,-1,-1,Shoreline_1984_Photo_NewTopsail,FEATURE,-1,-1,Shoreline_1992_Photo_NewTopsail,FEATURE,-1,-1,Shoreline_1995_Photo_NewTopsail,FEATURE,-1,-1,Shoreline_1997_MHW_NewTopsail,FEATURE,-1,-1,Shoreline_2000_Photo_NewTopsail,FEATURE,-1,-1;SOURCE SOURCE true true false 30 Text 0 0 ,First,#,Shoreline_2004_Photo_NewTopsail,SOURCE,-1,-1,Shoreline_2003_Photo_NewTopsail,SOURCE,-1,-1,Shoreline_1934_MHW_NewTopsail,SOURCE,-1,-1,Shoreline_1944_MHW_NewTopsail,SOURCE,-1,-1,Shoreline_1971_Photo_NewTopsail,SOURCE,-1,-1,Shoreline_1973_MHW_NewTopsail,SOURCE,-1,-1,Shoreline_1974_Photo_NewTopsail,SOURCE,-1,-1,Shoreline_1977_Photo_NewTopsail,SOURCE,-1,-1,Shoreline_1984_Photo_NewTopsail,SOURCE,-1,-1,Shoreline_1992_Photo_NewTopsail,SOURCE,-1,-1,Shoreline_1995_Photo_NewTopsail,SOURCE,-1,-1,Shoreline_1997_MHW_NewTopsail,SOURCE,-1,-1,Shoreline_2000_Photo_NewTopsail,SOURCE,-1,-1;MISSION MISSION true true false 20 Text 0 0 ,First,#,Shoreline_2004_Photo_NewTopsail,MISSION,-1,-1,Shoreline_2003_Photo_NewTopsail,MISSION,-1,-1,Shoreline_1971_Photo_NewTopsail,MISSION,-1,-1,Shoreline_1974_Photo_NewTopsail,MISSION,-1,-1,Shoreline_1977_Photo_NewTopsail,MISSION,-1,-1,Shoreline_1984_Photo_NewTopsail,MISSION,-1,-1,Shoreline_1992_Photo_NewTopsail,MISSION,-1,-1,Shoreline_1995_Photo_NewTopsail,MISSION,-1,-1,Shoreline_2000_Photo_NewTopsail,MISSION,-1,-1;GIS_DATE GIS_DATE true true false 8 Date 0 0 ,First,#,Shoreline_2004_Photo_NewTopsail,GIS_DATE,-1,-1,Shoreline_2003_Photo_NewTopsail,GIS_DATE,-1,-1,Shoreline_1971_Photo_NewTopsail,GIS_DATE,-1,-1,Shoreline_1974_Photo_NewTopsail,GIS_DATE,-1,-1,Shoreline_1977_Photo_NewTopsail,GIS_DATE,-1,-1,Shoreline_1984_Photo_NewTopsail,GIS_DATE,-1,-1,Shoreline_1992_Photo_NewTopsail,GIS_DATE,-1,-1,Shoreline_1995_Photo_NewTopsail,GIS_DATE,-1,-1,Shoreline_2000_Photo_NewTopsail,GIS_DATE,-1,-1;ANALYST ANALYST true true false 3 Text 0 0 ,First,#,Shoreline_2004_Photo_NewTopsail,ANALYST,-1,-1,Shoreline_2003_Photo_NewTopsail,ANALYST,-1,-1,Shoreline_1971_Photo_NewTopsail,ANALYST,-1,-1,Shoreline_1974_Photo_NewTopsail,ANALYST,-1,-1,Shoreline_1977_Photo_NewTopsail,ANALYST,-1,-1,Shoreline_1984_Photo_NewTopsail,ANALYST,-1,-1,Shoreline_1992_Photo_NewTopsail,ANALYST,-1,-1,Shoreline_1995_Photo_NewTopsail,ANALYST,-1,-1,Shoreline_2000_Photo_NewTopsail,ANALYST,-1,-1;SHAPE_Leng SHAPE_Length false true true 8 Double 0 0 ,First,#,Shoreline_2004_Photo_NewTopsail,SHAPE_Length,-1,-1,Shoreline_2003_Photo_NewTopsail,SHAPE_Length,-1,-1,Shoreline_1934_MHW_NewTopsail,Shape_Length,-1,-1,Shoreline_1944_MHW_NewTopsail,Shape_Length,-1,-1,Shoreline_1971_Photo_NewTopsail,SHAPE_Length,-1,-1,Shoreline_1973_MHW_NewTopsail,Shape_Length,-1,-1,Shoreline_1974_Photo_NewTopsail,SHAPE_Length,-1,-1,Shoreline_1977_Photo_NewTopsail,SHAPE_Length,-1,-1,Shoreline_1984_Photo_NewTopsail,SHAPE_Length,-1,-1,Shoreline_1992_Photo_NewTopsail,SHAPE_Length,-1,-1,Shoreline_1995_Photo_NewTopsail,SHAPE_Length,-1,-1,Shoreline_1997_MHW_NewTopsail,Shape_Length,-1,-1,Shoreline_2000_Photo_NewTopsail,SHAPE_Length,-1,-1;ID ID true true false 4 Long 0 0 ,First,#,Shoreline_1934_MHW_NewTopsail,ID,-1,-1,Shoreline_1973_MHW_NewTopsail,ID,-1,-1,Shoreline_1997_MHW_NewTopsail,ID,-1,-1;TS_NUMBER NOS T-Sheet Number true true false 50 Text 0 0 ,First,#,Shoreline_1944_MHW_NewTopsail,TS_NUMBER,-1,-1;TS_INDEX NOS T-Sheet Index true true false 50 Text 0 0 ,First,#,Shoreline_1944_MHW_NewTopsail,TS_INDEX,-1,-1"</Process></lineage></DataProperties></Esri></metadata>
